city,colonia,point_kind,lat,lon,bbox_min_lat,bbox_min_lon,bbox_max_lat,bbox_max_lon,bbox_span_lat_deg,bbox_span_lon_deg,n_samples
gdl,Colomos Providencia,centroid,20.707738,-103.382127,20.702582,-103.388401,20.710901,-103.378436,0.008319,0.009965,151
gdl,Moderna,centroid,20.665024,-103.366612,20.660045,-103.37626,20.666774,-103.349544,0.006729,0.026716,110
gdl,Moderna,bbox_quadrant,20.661727,-103.369581,20.660045,-103.37626,20.666774,-103.349544,0.006729,0.026716,110
gdl,Moderna,bbox_quadrant,20.661727,-103.356223,20.660045,-103.37626,20.666774,-103.349544,0.006729,0.026716,110
gdl,Moderna,bbox_quadrant,20.665092,-103.369581,20.660045,-103.37626,20.666774,-103.349544,0.006729,0.026716,110
gdl,Moderna,bbox_quadrant,20.665092,-103.356223,20.660045,-103.37626,20.666774,-103.349544,0.006729,0.026716,110
gdl,Providencia 2a Sección,centroid,20.694045,-103.381254,20.690579,-103.384136,20.696605,-103.380471,0.006026,0.003666,25
gdl,San Juan de Dios,centroid,20.676307,-103.331886,20.675468,-103.340407,20.679733,-103.328659,0.004264,0.011748,27
gdl,Zona Centro,centroid,20.676179,-103.354897,20.670502,-103.366195,20.684299,-103.341881,0.013797,0.024313,57
gdl,Zona Centro,bbox_quadrant,20.673951,-103.360116,20.670502,-103.366195,20.684299,-103.341881,0.013797,0.024313,57
gdl,Zona Centro,bbox_quadrant,20.673951,-103.34796,20.670502,-103.366195,20.684299,-103.341881,0.013797,0.024313,57
gdl,Zona Centro,bbox_quadrant,20.68085,-103.360116,20.670502,-103.366195,20.684299,-103.341881,0.013797,0.024313,57
gdl,Zona Centro,bbox_quadrant,20.68085,-103.34796,20.670502,-103.366195,20.684299,-103.341881,0.013797,0.024313,57
gdl,Arcos Vallarta,centroid,20.674148,-103.381359,20.668303,-103.386205,20.677569,-103.377651,0.009266,0.008554,152
gdl,Country Club,centroid,20.702185,-103.369943,20.697789,-103.378234,20.710239,-103.365216,0.01245,0.013018,106
gdl,Ladrón de Guevara,centroid,20.680211,-103.373603,20.676059,-103.383685,20.69412,-103.366716,0.018061,0.016969,248
gdl,Chapalita,centroid,20.664653,-103.397517,20.656147,-103.401175,20.668659,-103.389713,0.012512,0.011462,56
gdl,Arcos,centroid,20.668187,-103.378877,20.667338,-103.379804,20.670557,-103.377184,0.003219,0.002619,27
gdl,Americana,centroid,20.672202,-103.368376,20.667701,-103.376649,20.675716,-103.359525,0.008015,0.017124,127
gdl,Mezquitán Country,centroid,20.697224,-103.359282,20.693704,-103.363265,20.697866,-103.358364,0.004162,0.004901,8
gdl,Colomos,centroid,20.704303,-103.387583,20.698452,-103.388582,20.706529,-103.386185,0.008078,0.002397,16
gdl,Prados Providencia,centroid,20.689082,-103.39164,20.68481,-103.395939,20.692194,-103.385761,0.007384,0.010178,67
gdl,Providencia 3a Sección,centroid,20.700184,-103.380817,20.697631,-103.382428,20.702078,-103.37956,0.004448,0.002868,14
gdl,Providencia,centroid,20.701557,-103.37783,20.698872,-103.37985,20.704814,-103.375465,0.005942,0.004385,82
gdl,Lomas del Country,centroid,20.698848,-103.367069,20.697342,-103.369604,20.70296,-103.36291,0.005617,0.006694,35
gdl,Jardines Alcalde,centroid,20.705002,-103.339161,20.703702,-103.341309,20.706921,-103.336,0.003219,0.005309,10
gdl,Victoria,centroid,20.647252,-103.396365,20.642427,-103.398731,20.652535,-103.394341,0.010108,0.00439,15
gdl,Vallarta San Jorge,centroid,20.676924,-103.398463,20.674987,-103.400734,20.678008,-103.393461,0.003021,0.007273,38
gdl,Jardines del Bosque,centroid,20.665111,-103.382734,20.659123,-103.39171,20.669395,-103.376206,0.010273,0.015504,107
gdl,Vallarta Norte,centroid,20.676789,-103.390913,20.674381,-103.393341,20.679295,-103.38543,0.004914,0.007911,34
gdl,Jardines del Country,centroid,20.706672,-103.363045,20.705833,-103.369855,20.709269,-103.35784,0.003436,0.012015,19
gdl,Villaseñor (Santa Teresita),centroid,20.689317,-103.367612,20.67938,-103.369246,20.693014,-103.363882,0.013634,0.005364,46
gdl,Artesanos (Sagrada Familia y/o Jesús),centroid,20.689014,-103.355347,20.682433,-103.3628,20.693017,-103.34829,0.010584,0.01451,51
gdl,Polanco,centroid,20.620894,-103.373165,20.620894,-103.373165,20.620894,-103.373165,0.0,0.0,3
gdl,Del Fresno,centroid,20.659689,-103.373321,20.653868,-103.382613,20.663025,-103.369217,0.009157,0.013396,19
gdl,El Retiro,centroid,20.684122,-103.341012,20.681149,-103.343743,20.689634,-103.336865,0.008485,0.006878,40
gdl,Ayuntamiento,centroid,20.692173,-103.371598,20.690003,-103.373029,20.695486,-103.369391,0.005483,0.003639,27
gdl,Lomas de Providencia,centroid,20.694126,-103.385354,20.691823,-103.386385,20.69518,-103.38399,0.003357,0.002395,15
gdl,Obrera,centroid,20.668407,-103.370252,20.663306,-103.376144,20.671299,-103.331806,0.007994,0.044338,88
gdl,Obrera,bbox_quadrant,20.665304,-103.36506,20.663306,-103.376144,20.671299,-103.331806,0.007994,0.044338,88
gdl,Obrera,bbox_quadrant,20.665304,-103.342891,20.663306,-103.376144,20.671299,-103.331806,0.007994,0.044338,88
gdl,Obrera,bbox_quadrant,20.669301,-103.36506,20.663306,-103.376144,20.671299,-103.331806,0.007994,0.044338,88
gdl,Obrera,bbox_quadrant,20.669301,-103.342891,20.663306,-103.376144,20.671299,-103.331806,0.007994,0.044338,88
gdl,Monraz,centroid,20.684975,-103.395082,20.682424,-103.398042,20.688981,-103.393406,0.006557,0.004636,36
gdl,Circunvalación Américas,centroid,20.697551,-103.376011,20.695807,-103.377266,20.698215,-103.373834,0.002408,0.003432,26
gdl,Fidel Velázquez,centroid,20.712879,-103.353134,20.710426,-103.353793,20.713228,-103.352851,0.002802,0.000941,16
gdl,Providencia 4a Sección,centroid,20.696799,-103.387394,20.693444,-103.392119,20.701505,-103.384364,0.008061,0.007755,19
gdl,San Andrés,centroid,20.66539,-103.303782,20.66539,-103.303782,20.66539,-103.303782,0.0,0.0,1
gdl,Miraflores,centroid,20.693862,-103.347008,20.693862,-103.347008,20.693862,-103.347008,0.0,0.0,2
gdl,Alcalde Barranquitas,centroid,20.692353,-103.344961,20.691352,-103.348102,20.694668,-103.338957,0.003315,0.009145,12
gdl,Italia Providencia,centroid,20.693755,-103.378645,20.690754,-103.380651,20.696832,-103.376775,0.006078,0.003875,28
gdl,Chapultepec Country,centroid,20.695696,-103.367714,20.694775,-103.369626,20.697231,-103.365969,0.002456,0.003657,26
gdl,Jardines de Los Arcos,centroid,20.669181,-103.394288,20.667131,-103.397963,20.670882,-103.390573,0.00375,0.00739,17
gdl,Mezquitán,centroid,20.697209,-103.354524,20.691773,-103.357434,20.699291,-103.352073,0.007518,0.005361,26
gdl,La Penal,centroid,20.667248,-103.312732,20.663658,-103.316966,20.669788,-103.306255,0.006129,0.010711,14
gdl,San Rafael,centroid,20.653707,-103.296158,20.652649,-103.298,20.655298,-103.294268,0.002649,0.003731,7
gdl,Observatorio,centroid,20.698262,-103.351115,20.698262,-103.351115,20.698262,-103.351115,0.0,0.0,5
gdl,La Aurora,centroid,20.653436,-103.342423,20.649971,-103.349609,20.659699,-103.336859,0.009728,0.01275,18
gdl,Del Bosque,centroid,20.652864,-103.387213,20.65162,-103.387653,20.654587,-103.386762,0.002966,0.000892,10
gdl,Colinas de San Javier,centroid,20.700681,-103.399593,20.692453,-103.406184,20.709991,-103.394722,0.017538,0.011462,22
gdl,Lomas de Independencia,centroid,20.716673,-103.328301,20.713624,-103.329875,20.717237,-103.325502,0.003613,0.004373,22
gdl,Rancho Nuevo,centroid,20.717271,-103.331499,20.714239,-103.336934,20.720501,-103.327745,0.006262,0.009189,12
gdl,Atlas,centroid,20.644538,-103.327978,20.643456,-103.32847,20.647238,-103.326749,0.003782,0.001721,7
gdl,Villas de San Juan,centroid,20.708457,-103.334616,20.708457,-103.334616,20.708457,-103.334616,0.0,0.0,1
gdl,Margarita Maza de Juárez,centroid,20.712371,-103.304301,20.712351,-103.304334,20.712532,-103.304034,0.000181,0.0003,9
gdl,Nueva España,centroid,20.61355,-103.395151,20.61342,-103.395454,20.614832,-103.392177,0.001412,0.003277,22
gdl,San Juan Bosco,centroid,20.678292,-103.31665,20.677681,-103.321702,20.679044,-103.310824,0.001364,0.010878,5
gdl,Circunvalación Vallarta,centroid,20.681999,-103.383851,20.680643,-103.38539,20.68274,-103.383117,0.002097,0.002274,15
gdl,Sutaj,centroid,20.651514,-103.313857,20.650842,-103.314097,20.652778,-103.313631,0.001936,0.000466,8
gdl,Las Conchas,centroid,20.662384,-103.340941,20.661551,-103.34298,20.663218,-103.338901,0.001667,0.004079,2
gdl,Huentitán El Bajo,centroid,20.736118,-103.313561,20.728381,-103.319464,20.738656,-103.311953,0.010275,0.007511,15
gdl,El Rosario,centroid,20.638685,-103.329092,20.633775,-103.340029,20.648505,-103.323623,0.014731,0.016406,3
gdl,La Perla,centroid,20.680892,-103.334635,20.680892,-103.334635,20.680892,-103.334635,0.0,0.0,1
gdl,Jardines de La Paz,centroid,20.646506,-103.301194,20.644932,-103.306154,20.648079,-103.296234,0.003147,0.009919,4
gdl,Jardines del Sauz,centroid,20.625658,-103.394272,20.624312,-103.394689,20.627004,-103.393855,0.002692,0.000835,2
gdl,Juan Manuel,centroid,20.679863,-103.391707,20.679309,-103.392691,20.681977,-103.391222,0.002668,0.001469,20
gdl,Huentitán El Alto,centroid,20.718558,-103.297188,20.714487,-103.302574,20.721148,-103.294742,0.006661,0.007832,10
gdl,Jardines del Rosario,centroid,20.635704,-103.324454,20.635704,-103.324454,20.635704,-103.324454,0.0,0.0,2
gdl,Lomas de Guevara,centroid,20.688834,-103.3828,20.687444,-103.384512,20.691055,-103.379504,0.003611,0.005008,16
gdl,Santa Eduwiges,centroid,20.639594,-103.394384,20.637979,-103.395547,20.641469,-103.391966,0.00349,0.003581,4
gdl,Vallarta,centroid,20.673127,-103.38595,20.670768,-103.386461,20.674345,-103.385284,0.003576,0.001177,7
gdl,Monumental,centroid,20.702866,-103.324076,20.701933,-103.325037,20.70453,-103.322767,0.002597,0.002269,9
gdl,Real,centroid,20.668359,-103.330456,20.666582,-103.331185,20.669543,-103.329969,0.00296,0.001216,5
gdl,El Rastro,centroid,20.625945,-103.348158,20.625944,-103.348161,20.625947,-103.348153,2e-06,8e-06,5
gdl,Oblatos,centroid,20.675773,-103.320795,20.672564,-103.326357,20.694502,-103.296653,0.021938,0.029705,10
gdl,Oblatos,bbox_quadrant,20.678048,-103.318931,20.672564,-103.326357,20.694502,-103.296653,0.021938,0.029705,10
gdl,Oblatos,bbox_quadrant,20.678048,-103.304079,20.672564,-103.326357,20.694502,-103.296653,0.021938,0.029705,10
gdl,Oblatos,bbox_quadrant,20.689017,-103.318931,20.672564,-103.326357,20.694502,-103.296653,0.021938,0.029705,10
gdl,Oblatos,bbox_quadrant,20.689017,-103.304079,20.672564,-103.326357,20.694502,-103.296653,0.021938,0.029705,10
gdl,Dr. Valentín Gómez Farías,centroid,20.623141,-103.377359,20.622703,-103.38009,20.623287,-103.376448,0.000584,0.003642,4
gdl,Mirador,centroid,20.682319,-103.31936,20.682141,-103.32141,20.682408,-103.318336,0.000267,0.003075,3
gdl,Santa Rita,centroid,20.680684,-103.401949,20.680278,-103.403082,20.680819,-103.39855,0.000541,0.004532,4
gdl,San Antonio,centroid,20.661469,-103.306587,20.661469,-103.306587,20.661469,-103.306587,0.0,0.0,1
gdl,San Juan de Dios II,centroid,20.669484,-103.336427,20.669484,-103.336427,20.669484,-103.336427,0.0,0.0,14
gdl,El Dean,centroid,20.636916,-103.351099,20.636916,-103.351099,20.636916,-103.351099,0.0,0.0,3
gdl,Mexicaltzingo,centroid,20.667719,-103.349427,20.666358,-103.351583,20.66853,-103.346852,0.002173,0.004731,7
gdl,Centro,centroid,20.687191,-103.351113,20.686613,-103.352877,20.687919,-103.349986,0.001306,0.002891,7
gdl,Terranova,centroid,20.680778,-103.388772,20.679556,-103.389596,20.682297,-103.387155,0.002742,0.002441,4
gdl,La Guadalupana,centroid,20.713302,-103.354486,20.713302,-103.354486,20.713302,-103.354486,0.0,0.0,2
gdl,Lomas de San Eugenio,centroid,20.683877,-103.286672,20.683304,-103.288248,20.684392,-103.285303,0.001089,0.002945,8
gdl,El Verde (Planetario),centroid,20.719899,-103.306514,20.717586,-103.315484,20.721084,-103.303977,0.003498,0.011507,8
gdl,Magaña,centroid,20.658109,-103.316845,20.658109,-103.316845,20.658109,-103.316845,0.0,0.0,3
gdl,Jardines del Sur,centroid,20.633972,-103.392742,20.631939,-103.395292,20.634839,-103.390271,0.002901,0.005022,11
gdl,Vallarta Poniente,centroid,20.673144,-103.389681,20.671794,-103.39693,20.674449,-103.387788,0.002655,0.009142,17
gdl,Popular Hornos,centroid,20.642869,-103.283658,20.642869,-103.283658,20.642869,-103.283658,0.0,0.0,1
gdl,Jardines de Los Poetas,centroid,20.649051,-103.292262,20.64825,-103.294838,20.650645,-103.289548,0.002395,0.005289,10
gdl,Quinta Velarde,centroid,20.655846,-103.336034,20.654639,-103.336297,20.656188,-103.335918,0.00155,0.000379,5
gdl,Tetlán,centroid,20.662165,-103.271039,20.662165,-103.271039,20.662165,-103.271039,0.0,0.0,2
gdl,Reforma,centroid,20.670806,-103.335181,20.670563,-103.335973,20.671228,-103.334599,0.000665,0.001374,7
gdl,Barragán Hernández,centroid,20.663624,-103.341417,20.662637,-103.347454,20.666114,-103.339178,0.003476,0.008277,10
gdl,Lomas del Paraíso I,centroid,20.722898,-103.319815,20.722352,-103.321195,20.723443,-103.318436,0.001091,0.002759,2
gdl,Lomas del Paraíso III,centroid,20.731841,-103.318644,20.727938,-103.322346,20.732899,-103.316907,0.004961,0.005438,7
gdl,El Manantial,centroid,20.623568,-103.346957,20.623568,-103.346957,20.623568,-103.346957,0.0,0.0,4
gdl,Independencia,centroid,20.703906,-103.329045,20.700808,-103.333902,20.707733,-103.32438,0.006925,0.009522,7
gdl,San Rafael Residencial,centroid,20.650236,-103.293045,20.650236,-103.293045,20.650236,-103.293045,0.0,0.0,1
gdl,Santos Degollado,centroid,20.665302,-103.30402,20.665302,-103.30402,20.665302,-103.30402,0.0,0.0,2
gdl,Rincón de La Agua Azul,centroid,20.649822,-103.352899,20.649822,-103.352899,20.649822,-103.352899,0.0,0.0,1
gdl,El Sauz,centroid,20.626968,-103.391785,20.626248,-103.392555,20.627688,-103.391016,0.00144,0.001539,2
gdl,Niños Héroes,centroid,20.70292,-103.360336,20.701387,-103.361586,20.704596,-103.357879,0.003208,0.003707,11
gdl,Lagos de Oriente,centroid,20.672676,-103.271405,20.671891,-103.271983,20.673069,-103.270248,0.001178,0.001734,3
gdl,San Miguel de Mezquitán,centroid,20.701863,-103.355961,20.69934,-103.357217,20.704448,-103.354205,0.005108,0.003012,5
gdl,López Portillo,centroid,20.620171,-103.367837,20.620171,-103.367837,20.620171,-103.367837,0.0,0.0,1
gdl,Hormiguero,centroid,20.651443,-103.30259,20.651443,-103.30259,20.651443,-103.30259,0.0,0.0,1
gdl,Bosques de La Victoria,centroid,20.646356,-103.393076,20.645077,-103.394306,20.649609,-103.391576,0.004532,0.00273,4
gdl,Villa Guerrero,centroid,20.630497,-103.387637,20.630497,-103.387637,20.630497,-103.387637,0.0,0.0,1
gdl,Fovissste Estadio,centroid,20.711497,-103.327021,20.711497,-103.327021,20.711497,-103.327021,0.0,0.0,1
gdl,La Loma,centroid,20.659898,-103.321979,20.659898,-103.321979,20.659898,-103.321979,0.0,0.0,1
gdl,Fábrica de Atemajac,centroid,20.713753,-103.358696,20.713753,-103.358696,20.713753,-103.358696,0.0,0.0,1
gdl,Jardines de San José,centroid,20.633496,-103.386464,20.632087,-103.389646,20.634905,-103.383281,0.002818,0.006365,4
gdl,Libertad,centroid,20.670979,-103.298523,20.670979,-103.298523,20.670979,-103.298523,0.0,0.0,1
gdl,La Cruz,centroid,20.640657,-103.38861,20.640657,-103.38861,20.640657,-103.38861,0.0,0.0,1
gdl,Jardines de La Cruz,centroid,20.644242,-103.376584,20.644242,-103.376584,20.644242,-103.376584,0.0,0.0,1
gdl,Independencia Oriente,centroid,20.689423,-103.333075,20.689423,-103.333075,20.689423,-103.333075,0.0,0.0,3
gdl,Blanco y Cuellar,centroid,20.680137,-103.302953,20.675633,-103.304466,20.682389,-103.302196,0.006756,0.00227,6
gdl,Analco,centroid,20.666809,-103.341194,20.665697,-103.342724,20.668424,-103.34068,0.002727,0.002044,7
gdl,La Paz,centroid,20.647228,-103.307741,20.646863,-103.3082,20.647958,-103.306823,0.001095,0.001376,6
gdl,8 de Julio,centroid,20.644864,-103.35397,20.644864,-103.35397,20.644864,-103.35397,0.0,0.0,2
gdl,Lomas de Polanco,centroid,20.631142,-103.371984,20.629554,-103.379471,20.63273,-103.364497,0.003176,0.014974,4
gdl,Ferrocarril,centroid,20.647189,-103.348585,20.644504,-103.352343,20.649875,-103.344827,0.005371,0.007516,4
gdl,Lomas Independencia,centroid,20.691629,-103.323632,20.690195,-103.324326,20.693063,-103.322937,0.002869,0.001389,4
gdl,Aldama Tetlán,centroid,20.658137,-103.271185,20.658137,-103.271185,20.658137,-103.271185,0.0,0.0,2
gdl,Colinas de Huentitán,centroid,20.72493,-103.300211,20.72201,-103.303757,20.726855,-103.294377,0.004846,0.009379,8
gdl,Del Periodista,centroid,20.660958,-103.333939,20.660604,-103.33437,20.661312,-103.333509,0.000708,0.000861,4
gdl,San Miguel de Huentitán,centroid,20.711032,-103.291469,20.708128,-103.294361,20.712528,-103.28831,0.0044,0.006051,6
gdl,Panorámica de Huentitán,centroid,20.7346,-103.308898,20.7346,-103.308898,20.7346,-103.308898,0.0,0.0,2
gdl,San Isidro,centroid,20.675949,-103.298875,20.675949,-103.298875,20.675949,-103.298875,0.0,0.0,2
gdl,Jardines de Los Historiadores,centroid,20.645756,-103.283985,20.645756,-103.283985,20.645756,-103.283985,0.0,0.0,2
gdl,Circunvalación Oblatos,centroid,20.687605,-103.299964,20.687181,-103.300881,20.688878,-103.299658,0.001698,0.001223,8
gdl,San Martin,centroid,20.690921,-103.306303,20.690921,-103.306303,20.690921,-103.306303,0.0,0.0,2
gdl,Santa Elena Alcalde,centroid,20.710432,-103.346339,20.710432,-103.346339,20.710432,-103.346339,0.0,0.0,4
gdl,Las Torres,centroid,20.655574,-103.377712,20.655574,-103.377712,20.655574,-103.377712,0.0,0.0,2
gdl,San Carlos,centroid,20.656842,-103.340297,20.656842,-103.340297,20.656842,-103.340297,0.0,0.0,2
gdl,El Álamo,centroid,20.623679,-103.333812,20.623679,-103.333812,20.623679,-103.333812,0.0,0.0,2
gdl,Insurgentes,centroid,20.647354,-103.278861,20.647354,-103.278861,20.647354,-103.278861,0.0,0.0,2
gdl,San Vicente,centroid,20.702157,-103.313724,20.702157,-103.313724,20.702157,-103.313724,0.0,0.0,2
gdl,El Carmen,centroid,20.620096,-103.38322,20.620096,-103.38322,20.620096,-103.38322,0.0,0.0,2
gdl,Talpita,centroid,20.684063,-103.307766,20.684063,-103.307766,20.684063,-103.307766,0.0,0.0,2
gdl,La Esperanza (La Federacha),centroid,20.709538,-103.307959,20.709538,-103.307959,20.709538,-103.307959,0.0,0.0,2
gdl,Del Sur,centroid,20.649955,-103.367551,20.649955,-103.367551,20.649955,-103.367551,0.0,0.0,2
gdl,San Bernardo,centroid,20.698754,-103.360754,20.698754,-103.360754,20.698754,-103.360754,0.0,0.0,2
zap,Mirador del Sol,centroid,20.651654,-103.420301,20.647873,-103.42439,20.655988,-103.418046,0.008115,0.006344,40
zap,La Cima,centroid,20.750249,-103.411933,20.745341,-103.415915,20.756088,-103.408788,0.010747,0.007127,66
zap,Valle Imperial,centroid,20.780228,-103.43708,20.771634,-103.443457,20.79341,-103.428781,0.021776,0.014676,474
zap,Valle Imperial,bbox_quadrant,20.777078,-103.439788,20.771634,-103.443457,20.79341,-103.428781,0.021776,0.014676,474
zap,Valle Imperial,bbox_quadrant,20.777078,-103.43245,20.771634,-103.443457,20.79341,-103.428781,0.021776,0.014676,474
zap,Valle Imperial,bbox_quadrant,20.787966,-103.439788,20.771634,-103.443457,20.79341,-103.428781,0.021776,0.014676,474
zap,Valle Imperial,bbox_quadrant,20.787966,-103.43245,20.771634,-103.443457,20.79341,-103.428781,0.021776,0.014676,474
zap,Jardín Real,centroid,20.736223,-103.435336,20.729948,-103.449638,20.74185,-103.426542,0.011902,0.023096,115
zap,Jardín Real,bbox_quadrant,20.732923,-103.443864,20.729948,-103.449638,20.74185,-103.426542,0.011902,0.023096,115
zap,Jardín Real,bbox_quadrant,20.732923,-103.432316,20.729948,-103.449638,20.74185,-103.426542,0.011902,0.023096,115
zap,Jardín Real,bbox_quadrant,20.738875,-103.443864,20.729948,-103.449638,20.74185,-103.426542,0.011902,0.023096,115
zap,Jardín Real,bbox_quadrant,20.738875,-103.432316,20.729948,-103.449638,20.74185,-103.426542,0.011902,0.023096,115
zap,Puerta de Hierro,centroid,20.712372,-103.416299,20.706267,-103.423346,20.723794,-103.409129,0.017527,0.014217,313
zap,Villa Verona,centroid,20.701891,-103.445272,20.700027,-103.446616,20.702619,-103.442298,0.002592,0.004318,55
zap,Valle Real,centroid,20.724287,-103.442412,20.717686,-103.452964,20.730096,-103.432772,0.012409,0.020192,205
zap,Valle Real,bbox_quadrant,20.720789,-103.447916,20.717686,-103.452964,20.730096,-103.432772,0.012409,0.020192,205
zap,Valle Real,bbox_quadrant,20.720789,-103.43782,20.717686,-103.452964,20.730096,-103.432772,0.012409,0.020192,205
zap,Valle Real,bbox_quadrant,20.726994,-103.447916,20.717686,-103.452964,20.730096,-103.432772,0.012409,0.020192,205
zap,Valle Real,bbox_quadrant,20.726994,-103.43782,20.717686,-103.452964,20.730096,-103.432772,0.012409,0.020192,205
zap,Chapalita Oriente,centroid,20.664746,-103.404998,20.663187,-103.405667,20.665754,-103.403593,0.002566,0.002073,10
zap,Coto Alva 1,centroid,20.791789,-103.42171,20.791448,-103.422781,20.792041,-103.421397,0.000594,0.001383,13
zap,El Centinela,centroid,20.770129,-103.384181,20.76658,-103.386209,20.775034,-103.3824,0.008454,0.003809,34
zap,Soare Acantia I,centroid,20.731422,-103.469564,20.728748,-103.471086,20.734597,-103.468425,0.005848,0.002661,47
zap,Santa Ana Tepetitlán,centroid,20.619552,-103.454942,20.611425,-103.491013,20.627245,-103.440285,0.015821,0.050728,91
zap,Santa Ana Tepetitlán,bbox_quadrant,20.61538,-103.478331,20.611425,-103.491013,20.627245,-103.440285,0.015821,0.050728,91
zap,Santa Ana Tepetitlán,bbox_quadrant,20.61538,-103.452967,20.611425,-103.491013,20.627245,-103.440285,0.015821,0.050728,91
zap,Santa Ana Tepetitlán,bbox_quadrant,20.62329,-103.478331,20.611425,-103.491013,20.627245,-103.440285,0.015821,0.050728,91
zap,Santa Ana Tepetitlán,bbox_quadrant,20.62329,-103.452967,20.611425,-103.491013,20.627245,-103.440285,0.015821,0.050728,91
zap,Jocotán,centroid,20.687896,-103.440945,20.682749,-103.446209,20.690825,-103.435785,0.008076,0.010424,44
zap,Vallarta Universidad,centroid,20.688338,-103.426618,20.685923,-103.429068,20.690608,-103.42478,0.004685,0.004288,38
zap,Jardines del Sol,centroid,20.650105,-103.414388,20.642055,-103.418248,20.652622,-103.409844,0.010567,0.008404,16
zap,Villa Universitaria,centroid,20.694237,-103.412299,20.690099,-103.419624,20.700473,-103.409594,0.010375,0.010029,56
zap,Real del Bosque,centroid,20.745419,-103.398527,20.715139,-103.411719,20.755395,-103.392486,0.040256,0.019233,13
zap,Real del Bosque,bbox_quadrant,20.725203,-103.406911,20.715139,-103.411719,20.755395,-103.392486,0.040256,0.019233,13
zap,Real del Bosque,bbox_quadrant,20.725203,-103.397294,20.715139,-103.411719,20.755395,-103.392486,0.040256,0.019233,13
zap,Real del Bosque,bbox_quadrant,20.745331,-103.406911,20.715139,-103.411719,20.755395,-103.392486,0.040256,0.019233,13
zap,Real del Bosque,bbox_quadrant,20.745331,-103.397294,20.715139,-103.411719,20.755395,-103.392486,0.040256,0.019233,13
zap,Virreyes,centroid,20.694573,-103.439044,20.692499,-103.442057,20.696795,-103.435978,0.004297,0.006079,42
zap,Canteras del Centinela,centroid,20.764163,-103.384781,20.764147,-103.38629,20.764197,-103.384027,5e-05,0.002263,3
zap,Soare II Coto2,centroid,20.73219,-103.471729,20.73008,-103.472746,20.733798,-103.471132,0.003718,0.001614,57
zap,Alcázar Oriente,centroid,20.695978,-103.426184,20.694961,-103.426409,20.696196,-103.425989,0.001235,0.00042,14
zap,Madeiras,centroid,20.774673,-103.426916,20.773591,-103.428234,20.776017,-103.425786,0.002426,0.002447,31
zap,Villas de Otero,centroid,20.627028,-103.463493,20.626373,-103.463809,20.627355,-103.46286,0.000982,0.000949,3
zap,La Estancia,centroid,20.670294,-103.430086,20.667462,-103.434893,20.674659,-103.425609,0.007197,0.009284,28
zap,Campo Real,centroid,20.790469,-103.443304,20.786565,-103.446244,20.791874,-103.441219,0.005308,0.005025,19
zap,La Giralda,centroid,20.643325,-103.406533,20.641264,-103.409937,20.643843,-103.402929,0.002579,0.007008,22
zap,Ayamonte,centroid,20.674121,-103.465844,20.670925,-103.469696,20.678069,-103.463617,0.007144,0.006079,56
zap,Paseos del Parque,centroid,20.669318,-103.445078,20.668981,-103.446441,20.669499,-103.444818,0.000518,0.001623,12
zap,Del Fresno,centroid,20.763421,-103.449225,20.763421,-103.449225,20.763421,-103.449225,0.0,0.0,1
zap,Lomas Altas,centroid,20.685394,-103.411155,20.682341,-103.414191,20.687571,-103.408552,0.00523,0.00564,29
zap,La Venta del Astillero,centroid,20.728383,-103.542288,20.721045,-103.552234,20.732531,-103.537364,0.011485,0.01487,24
zap,Puerta Las Lomas,centroid,20.705452,-103.436635,20.703443,-103.437897,20.707306,-103.435411,0.003863,0.002487,133
zap,Las Alamedas,centroid,20.635861,-103.436185,20.634632,-103.437281,20.637214,-103.433989,0.002582,0.003292,10
zap,Chapalita de Occidente,centroid,20.660047,-103.425369,20.656672,-103.42605,20.661719,-103.424373,0.005047,0.001677,17
zap,Viveros del Valle,centroid,20.748213,-103.43573,20.746912,-103.437465,20.74952,-103.434052,0.002608,0.003413,12
zap,Coto Galarza,centroid,20.787975,-103.407205,20.787232,-103.408001,20.789472,-103.406529,0.00224,0.001472,35
zap,Loma Chica,centroid,20.808966,-103.486559,20.808751,-103.486585,20.809396,-103.486507,0.000645,7.7e-05,3
zap,Fontee,centroid,20.727684,-103.469187,20.727374,-103.471022,20.728285,-103.468498,0.000911,0.002524,32
zap,Bosque de Las Lomas,centroid,20.698394,-103.426745,20.697213,-103.427998,20.698628,-103.426574,0.001415,0.001424,18
zap,Altamira,centroid,20.71245,-103.388693,20.711128,-103.392032,20.714081,-103.384934,0.002953,0.007099,15
zap,Puerta Aqua,centroid,20.701789,-103.424162,20.696994,-103.426219,20.703737,-103.422848,0.006743,0.003371,10
zap,Bosques Vallarta,centroid,20.719746,-103.47597,20.71692,-103.47952,20.721963,-103.472319,0.005044,0.007201,156
zap,Puerta del Bosque,centroid,20.702025,-103.418905,20.700193,-103.421603,20.70338,-103.417519,0.003186,0.004084,40
zap,Las Águilas,centroid,20.626957,-103.415145,20.624078,-103.418321,20.632007,-103.40788,0.007928,0.010441,27
zap,Reserva Real,centroid,20.721293,-103.438962,20.719927,-103.440211,20.724121,-103.438019,0.004194,0.002192,28
zap,Guadalupe Inn,centroid,20.660377,-103.446405,20.660119,-103.446503,20.660635,-103.446307,0.000516,0.000196,2
zap,Mítica Residencial,centroid,20.735157,-103.468834,20.734774,-103.469276,20.73877,-103.468458,0.003996,0.000818,15
zap,Valeira,centroid,20.727723,-103.472654,20.724843,-103.475088,20.728996,-103.46928,0.004153,0.005808,44
zap,Maple Coto 1,centroid,20.788073,-103.426687,20.787732,-103.42771,20.789302,-103.426229,0.00157,0.001481,22
zap,Lomas de Zapopan,centroid,20.746032,-103.397604,20.740243,-103.408642,20.748376,-103.393649,0.008134,0.014993,28
zap,Solares,centroid,20.725141,-103.459143,20.721338,-103.465107,20.726667,-103.453188,0.005328,0.011919,105
zap,La Magdalena,centroid,20.802426,-103.459397,20.798975,-103.460909,20.805876,-103.457885,0.006901,0.003025,2
zap,Prados Tepeyac,centroid,20.65717,-103.413717,20.654565,-103.416106,20.659953,-103.410335,0.005389,0.005771,21
zap,Guadalajara (Technology Park),centroid,20.727209,-103.488705,20.723549,-103.497489,20.732881,-103.480857,0.009332,0.016632,37
zap,Sin Nombre,centroid,20.70577,-103.426159,20.663821,-103.472518,20.781751,-103.402614,0.11793,0.069904,42
zap,Sin Nombre,bbox_quadrant,20.693304,-103.455042,20.663821,-103.472518,20.781751,-103.402614,0.11793,0.069904,42
zap,Sin Nombre,bbox_quadrant,20.693304,-103.42009,20.663821,-103.472518,20.781751,-103.402614,0.11793,0.069904,42
zap,Sin Nombre,bbox_quadrant,20.752268,-103.455042,20.663821,-103.472518,20.781751,-103.402614,0.11793,0.069904,42
zap,Sin Nombre,bbox_quadrant,20.752268,-103.42009,20.663821,-103.472518,20.781751,-103.402614,0.11793,0.069904,42
zap,Lomas de La Primavera,centroid,20.641565,-103.471087,20.64021,-103.47221,20.64292,-103.469964,0.00271,0.002246,2
zap,Lagos del Country,centroid,20.716255,-103.372772,20.713759,-103.374609,20.717544,-103.368849,0.003784,0.00576,10
zap,Los Pinos,centroid,20.644263,-103.423666,20.606179,-103.441852,20.681195,-103.406158,0.075016,0.035695,12
zap,Los Pinos,bbox_quadrant,20.624933,-103.432929,20.606179,-103.441852,20.681195,-103.406158,0.075016,0.035695,12
zap,Los Pinos,bbox_quadrant,20.624933,-103.415081,20.606179,-103.441852,20.681195,-103.406158,0.075016,0.035695,12
zap,Los Pinos,bbox_quadrant,20.662441,-103.432929,20.606179,-103.441852,20.681195,-103.406158,0.075016,0.035695,12
zap,Los Pinos,bbox_quadrant,20.662441,-103.415081,20.606179,-103.441852,20.681195,-103.406158,0.075016,0.035695,12
zap,Valdepeñas II,centroid,20.762225,-103.399908,20.76193,-103.400033,20.762552,-103.399534,0.000622,0.000498,4
zap,Ciudad del Sol,centroid,20.652852,-103.406377,20.64595,-103.410198,20.660204,-103.399328,0.014255,0.01087,87
zap,Ciudad Bugambilias,centroid,20.608557,-103.460042,20.596835,-103.481576,20.619175,-103.436324,0.02234,0.045252,265
zap,Ciudad Bugambilias,bbox_quadrant,20.60242,-103.470263,20.596835,-103.481576,20.619175,-103.436324,0.02234,0.045252,265
zap,Ciudad Bugambilias,bbox_quadrant,20.60242,-103.447637,20.596835,-103.481576,20.619175,-103.436324,0.02234,0.045252,265
zap,Ciudad Bugambilias,bbox_quadrant,20.61359,-103.470263,20.596835,-103.481576,20.619175,-103.436324,0.02234,0.045252,265
zap,Ciudad Bugambilias,bbox_quadrant,20.61359,-103.447637,20.596835,-103.481576,20.619175,-103.436324,0.02234,0.045252,265
zap,Jardines del Valle,centroid,20.747816,-103.430382,20.741413,-103.43625,20.754,-103.425262,0.012587,0.010988,21
zap,Arauca I,centroid,20.733931,-103.462886,20.733389,-103.464417,20.735211,-103.461516,0.001823,0.002901,46
zap,Alcázar Poniente,centroid,20.695544,-103.42727,20.694736,-103.428555,20.696407,-103.426527,0.001671,0.002029,25
zap,Bosque de Valdepeñas,centroid,20.760907,-103.403105,20.760812,-103.403905,20.761096,-103.401505,0.000284,0.0024,3
zap,Puerta del Tule,centroid,20.698062,-103.448631,20.692456,-103.453603,20.702844,-103.446607,0.010388,0.006996,68
zap,Sole Real,centroid,20.730989,-103.453528,20.730072,-103.455174,20.731556,-103.452028,0.001485,0.003146,10
zap,Loma Real,centroid,20.688258,-103.412963,20.686879,-103.413475,20.689506,-103.412336,0.002626,0.001139,5
zap,La Loma,centroid,20.667974,-103.401893,20.6065,-103.453344,20.730676,-103.349736,0.124176,0.103608,18
zap,La Loma,bbox_quadrant,20.637544,-103.427442,20.6065,-103.453344,20.730676,-103.349736,0.124176,0.103608,18
zap,La Loma,bbox_quadrant,20.637544,-103.375638,20.6065,-103.453344,20.730676,-103.349736,0.124176,0.103608,18
zap,La Loma,bbox_quadrant,20.699632,-103.427442,20.6065,-103.453344,20.730676,-103.349736,0.124176,0.103608,18
zap,La Loma,bbox_quadrant,20.699632,-103.375638,20.6065,-103.453344,20.730676,-103.349736,0.124176,0.103608,18
zap,Vistas del Valle,centroid,20.6092,-103.487814,20.606494,-103.49,20.61019,-103.485848,0.003696,0.004152,31
zap,Loma Bonita,centroid,20.639523,-103.407801,20.637001,-103.410459,20.641897,-103.399494,0.004897,0.010965,44
zap,Flores del Valle,centroid,20.7473,-103.44368,20.7473,-103.44368,20.7473,-103.44368,0.0,0.0,2
zap,El Capullo,centroid,20.721146,-103.383267,20.717851,-103.38366,20.722328,-103.382644,0.004478,0.001016,16
zap,Vallarta,centroid,20.687764,-103.450981,20.687684,-103.451485,20.687845,-103.450477,0.000161,0.001008,4
zap,Bosques de San Isidro (Las Cañadas),centroid,20.780745,-103.365297,20.768618,-103.388564,20.789887,-103.352151,0.021269,0.036413,134
zap,Bosques de San Isidro (Las Cañadas),bbox_quadrant,20.773935,-103.379461,20.768618,-103.388564,20.789887,-103.352151,0.021269,0.036413,134
zap,Bosques de San Isidro (Las Cañadas),bbox_quadrant,20.773935,-103.361254,20.768618,-103.388564,20.789887,-103.352151,0.021269,0.036413,134
zap,Bosques de San Isidro (Las Cañadas),bbox_quadrant,20.784569,-103.379461,20.768618,-103.388564,20.789887,-103.352151,0.021269,0.036413,134
zap,Bosques de San Isidro (Las Cañadas),bbox_quadrant,20.784569,-103.361254,20.768618,-103.388564,20.789887,-103.352151,0.021269,0.036413,134
zap,Gustavo Diaz Ordaz,centroid,20.620483,-103.420068,20.619843,-103.420113,20.620803,-103.420046,0.00096,6.6e-05,3
zap,Alviento II,centroid,20.789176,-103.483489,20.788936,-103.483645,20.789415,-103.483333,0.000479,0.000312,4
zap,San Wenceslao,centroid,20.69864,-103.409253,20.697758,-103.410653,20.699631,-103.407483,0.001873,0.00317,5
zap,Ciudad Granja,centroid,20.681198,-103.449946,20.6713,-103.454904,20.692506,-103.442352,0.021206,0.012552,239
zap,Ciudad Granja,bbox_quadrant,20.676601,-103.451766,20.6713,-103.454904,20.692506,-103.442352,0.021206,0.012552,239
zap,Ciudad Granja,bbox_quadrant,20.676601,-103.44549,20.6713,-103.454904,20.692506,-103.442352,0.021206,0.012552,239
zap,Ciudad Granja,bbox_quadrant,20.687205,-103.451766,20.6713,-103.454904,20.692506,-103.442352,0.021206,0.012552,239
zap,Ciudad Granja,bbox_quadrant,20.687205,-103.44549,20.6713,-103.454904,20.692506,-103.442352,0.021206,0.012552,239
zap,Conjunto Patria,centroid,20.716562,-103.37801,20.715036,-103.380056,20.718608,-103.376135,0.003572,0.003921,8
zap,Coto Vitana,centroid,20.767182,-103.406606,20.76697,-103.406822,20.767494,-103.405058,0.000524,0.001763,15
zap,Santa Rita,centroid,20.682922,-103.404228,20.681592,-103.407087,20.683606,-103.401732,0.002015,0.005355,7
zap,Arcos de Guadalupe,centroid,20.665328,-103.434748,20.662489,-103.438516,20.670075,-103.429306,0.007586,0.00921,35
zap,Villas Vallarta,centroid,20.685212,-103.435502,20.685212,-103.435502,20.685212,-103.435502,0.0,0.0,2
zap,Agraria,centroid,20.712526,-103.383553,20.71217,-103.383588,20.712705,-103.383484,0.000535,0.000104,3
zap,Pontevedra,centroid,20.769015,-103.410516,20.713421,-103.413318,20.788864,-103.409056,0.075442,0.004263,27
zap,Pontevedra,bbox_quadrant,20.732282,-103.412253,20.713421,-103.413318,20.788864,-103.409056,0.075442,0.004263,27
zap,Pontevedra,bbox_quadrant,20.732282,-103.410121,20.713421,-103.413318,20.788864,-103.409056,0.075442,0.004263,27
zap,Pontevedra,bbox_quadrant,20.770003,-103.412253,20.713421,-103.413318,20.788864,-103.409056,0.075442,0.004263,27
zap,Pontevedra,bbox_quadrant,20.770003,-103.410121,20.713421,-103.413318,20.788864,-103.409056,0.075442,0.004263,27
zap,Base Aérea Militar No 5,centroid,20.731792,-103.467627,20.72647,-103.477529,20.753574,-103.451304,0.027104,0.026224,128
zap,Base Aérea Militar No 5,bbox_quadrant,20.733246,-103.470973,20.72647,-103.477529,20.753574,-103.451304,0.027104,0.026224,128
zap,Base Aérea Militar No 5,bbox_quadrant,20.733246,-103.45786,20.72647,-103.477529,20.753574,-103.451304,0.027104,0.026224,128
zap,Base Aérea Militar No 5,bbox_quadrant,20.746798,-103.470973,20.72647,-103.477529,20.753574,-103.451304,0.027104,0.026224,128
zap,Base Aérea Militar No 5,bbox_quadrant,20.746798,-103.45786,20.72647,-103.477529,20.753574,-103.451304,0.027104,0.026224,128
zap,Paseos del Sol,centroid,20.635805,-103.431548,20.629449,-103.437877,20.641509,-103.421711,0.012061,0.016166,52
zap,Solares Aveira,centroid,20.726069,-103.465181,20.72589,-103.465311,20.726607,-103.464792,0.000717,0.000519,4
zap,La Ceiba,centroid,20.716994,-103.42519,20.716158,-103.425468,20.717985,-103.424808,0.001826,0.00066,19
zap,Argenta Parque Residencial,centroid,20.769215,-103.396741,20.768413,-103.398085,20.77146,-103.395243,0.003047,0.002842,31
zap,Los Olivos,centroid,20.656565,-103.421919,20.656565,-103.421919,20.656565,-103.421919,0.0,0.0,2
zap,Villas Torremolinos,centroid,20.750832,-103.399096,20.74989,-103.400474,20.751307,-103.398289,0.001417,0.002185,7
zap,El Colli Urbano,centroid,20.642167,-103.426177,20.637793,-103.44174,20.647569,-103.417487,0.009777,0.024252,57
zap,El Colli Urbano,bbox_quadrant,20.640237,-103.435677,20.637793,-103.44174,20.647569,-103.417487,0.009777,0.024252,57
zap,El Colli Urbano,bbox_quadrant,20.640237,-103.42355,20.637793,-103.44174,20.647569,-103.417487,0.009777,0.024252,57
zap,El Colli Urbano,bbox_quadrant,20.645125,-103.435677,20.637793,-103.44174,20.647569,-103.417487,0.009777,0.024252,57
zap,El Colli Urbano,bbox_quadrant,20.645125,-103.42355,20.637793,-103.44174,20.647569,-103.417487,0.009777,0.024252,57
zap,Real de Valdepeñas,centroid,20.757382,-103.403108,20.755566,-103.406025,20.759599,-103.400611,0.004033,0.005415,20
zap,Foret,centroid,20.628424,-103.480913,20.627538,-103.482436,20.629703,-103.478624,0.002165,0.003812,9
zap,El Briseño,centroid,20.622898,-103.435588,20.621481,-103.435833,20.624314,-103.435344,0.002833,0.000489,2
zap,Zotogrande,centroid,20.716463,-103.410009,20.715654,-103.41145,20.717047,-103.408504,0.001393,0.002946,10
zap,Pinar de La Calma,centroid,20.620843,-103.417075,20.616859,-103.418709,20.623449,-103.412725,0.00659,0.005984,15
zap,Las Palmas,centroid,20.717156,-103.398982,20.716779,-103.399251,20.717912,-103.398444,0.001133,0.000807,3
zap,San Juan de Ocotán,centroid,20.709894,-103.461625,20.698318,-103.471895,20.717021,-103.44651,0.018704,0.025385,36
zap,San Juan de Ocotán,bbox_quadrant,20.702994,-103.465548,20.698318,-103.471895,20.717021,-103.44651,0.018704,0.025385,36
zap,San Juan de Ocotán,bbox_quadrant,20.702994,-103.452856,20.698318,-103.471895,20.717021,-103.44651,0.018704,0.025385,36
zap,San Juan de Ocotán,bbox_quadrant,20.712346,-103.465548,20.698318,-103.471895,20.717021,-103.44651,0.018704,0.025385,36
zap,San Juan de Ocotán,bbox_quadrant,20.712346,-103.452856,20.698318,-103.471895,20.717021,-103.44651,0.018704,0.025385,36
zap,Olivos Residencial,centroid,20.734716,-103.459751,20.732755,-103.461484,20.738034,-103.459125,0.00528,0.00236,34
zap,Puerta Serena,centroid,20.776375,-103.431437,20.776188,-103.432501,20.77644,-103.430305,0.000252,0.002196,9
zap,Amaranto,centroid,20.809967,-103.454425,20.808461,-103.455237,20.810715,-103.453576,0.002255,0.001661,11
zap,Solares Antara,centroid,20.7261,-103.467138,20.724898,-103.468184,20.72734,-103.46657,0.002442,0.001615,27
zap,Las Lomas Golf Hábitat,centroid,20.715892,-103.438057,20.711132,-103.443704,20.721193,-103.424406,0.010061,0.019297,78
zap,San Francisco,centroid,20.750994,-103.392373,20.750994,-103.392373,20.750994,-103.392373,0.0,0.0,2
zap,Santa Fe,centroid,20.718189,-103.396552,20.712109,-103.425283,20.749955,-103.391969,0.037846,0.033315,19
zap,Santa Fe,bbox_quadrant,20.72157,-103.416955,20.712109,-103.425283,20.749955,-103.391969,0.037846,0.033315,19
zap,Santa Fe,bbox_quadrant,20.72157,-103.400297,20.712109,-103.425283,20.749955,-103.391969,0.037846,0.033315,19
zap,Santa Fe,bbox_quadrant,20.740494,-103.416955,20.712109,-103.425283,20.749955,-103.391969,0.037846,0.033315,19
zap,Santa Fe,bbox_quadrant,20.740494,-103.400297,20.712109,-103.425283,20.749955,-103.391969,0.037846,0.033315,19
zap,Colinas de San Javier,centroid,20.697276,-103.404933,20.692823,-103.410694,20.70214,-103.401736,0.009317,0.008957,29
zap,Girasoles Acueducto,centroid,20.745709,-103.4237,20.7444,-103.4244,20.747018,-103.423,0.002618,0.0014,2
zap,Puerta de Plata,centroid,20.705455,-103.419389,20.702531,-103.421848,20.708766,-103.414307,0.006235,0.007541,58
zap,Valle Esmeralda,centroid,20.731524,-103.442525,20.73078,-103.443,20.7345,-103.442406,0.00372,0.000594,5
zap,La Mesa de La Coronilla,centroid,20.702141,-103.427699,20.699004,-103.433901,20.705119,-103.422291,0.006115,0.01161,54
zap,El Campestre,centroid,20.73792,-103.541754,20.735639,-103.544939,20.742009,-103.539539,0.00637,0.005399,43
zap,Valle de San Isidro,centroid,20.749908,-103.386877,20.747238,-103.389135,20.754824,-103.385508,0.007586,0.003627,25
zap,Rinconadas del Bosque,centroid,20.691133,-103.446342,20.690789,-103.447011,20.692167,-103.446119,0.001378,0.000892,4
zap,Carrara,centroid,20.789456,-103.414401,20.78876,-103.416008,20.790455,-103.413684,0.001695,0.002323,19
zap,Las Cumbres,centroid,20.691725,-103.433476,20.657976,-103.442488,20.697987,-103.429904,0.040011,0.012584,16
zap,Las Cumbres,bbox_quadrant,20.667979,-103.439342,20.657976,-103.442488,20.697987,-103.429904,0.040011,0.012584,16
zap,Las Cumbres,bbox_quadrant,20.667979,-103.43305,20.657976,-103.442488,20.697987,-103.429904,0.040011,0.012584,16
zap,Las Cumbres,bbox_quadrant,20.687984,-103.439342,20.657976,-103.442488,20.697987,-103.429904,0.040011,0.012584,16
zap,Las Cumbres,bbox_quadrant,20.687984,-103.43305,20.657976,-103.442488,20.697987,-103.429904,0.040011,0.012584,16
zap,Del Parque,centroid,20.665012,-103.446084,20.662937,-103.448902,20.675029,-103.43546,0.012092,0.013442,42
zap,La Periquera,centroid,20.772956,-103.449038,20.769721,-103.450406,20.774574,-103.446302,0.004854,0.004105,3
zap,Parque Arrayanes,centroid,20.626344,-103.468504,20.625145,-103.469105,20.627049,-103.468123,0.001904,0.000982,3
zap,Jardines de San Ignacio,centroid,20.668463,-103.407234,20.665203,-103.411298,20.671545,-103.401902,0.006342,0.009396,19
zap,Azaleas,centroid,20.606557,-103.447802,20.605598,-103.448317,20.607203,-103.445363,0.001605,0.002954,20
zap,Constituyentes,centroid,20.725411,-103.376091,20.724332,-103.376473,20.727568,-103.375326,0.003235,0.001147,3
zap,Unidad Cadete Fco. Márquez,centroid,20.634449,-103.423095,20.63408,-103.423353,20.635443,-103.422361,0.001362,0.000991,4
zap,Parque de La Castellana,centroid,20.691913,-103.434843,20.691582,-103.436896,20.692368,-103.432701,0.000786,0.004195,14
zap,Jardines Universidad,centroid,20.689324,-103.419522,20.687923,-103.422454,20.691342,-103.415879,0.003419,0.006576,29
zap,Bosques de San Gonzalo,centroid,20.774387,-103.432648,20.774064,-103.433325,20.774446,-103.430346,0.000383,0.002979,10
zap,Lucero del Valle,centroid,20.753892,-103.437277,20.753892,-103.437277,20.753892,-103.437277,0.0,0.0,1
zap,Chapalita Sur,centroid,20.658835,-103.401376,20.657526,-103.405101,20.660626,-103.397914,0.0031,0.007187,14
zap,Santillana,centroid,20.719463,-103.462995,20.71684,-103.464964,20.7208,-103.460643,0.003961,0.00432,36
zap,Bosque de Los Lagos,centroid,20.697583,-103.425837,20.69706,-103.426208,20.698063,-103.42503,0.001002,0.001178,13
zap,Alianza de Cazadores Diana,centroid,20.727281,-103.517332,20.723642,-103.519044,20.727724,-103.514621,0.004083,0.004423,16
zap,Palmira,centroid,20.594543,-103.428522,20.591134,-103.430957,20.597351,-103.424809,0.006217,0.006148,14
zap,Los Frailes,centroid,20.723543,-103.415711,20.72292,-103.416447,20.724541,-103.413475,0.001621,0.002972,17
zap,Santa Isabel,centroid,20.705443,-103.410259,20.700713,-103.413059,20.708862,-103.406564,0.008149,0.006494,21
zap,La Calma,centroid,20.635194,-103.413866,20.630162,-103.42149,20.6426,-103.4079,0.012438,0.013589,59
zap,Lomas del Valle,centroid,20.689451,-103.405076,20.685262,-103.408619,20.692426,-103.400361,0.007164,0.008258,43
zap,Novaterra,centroid,20.730137,-103.43434,20.73013,-103.434343,20.730144,-103.434337,1.5e-05,6e-06,2
zap,Los Almendros,centroid,20.767052,-103.39447,20.766643,-103.395431,20.768449,-103.393266,0.001806,0.002165,22
zap,Sendas,centroid,20.779093,-103.423052,20.777528,-103.424475,20.78049,-103.421227,0.002963,0.003248,14
zap,Royal Country,centroid,20.708538,-103.422286,20.708033,-103.423262,20.709445,-103.421534,0.001411,0.001728,11
zap,Paseos Universidad,centroid,20.687256,-103.43496,20.686718,-103.435882,20.687664,-103.432964,0.000946,0.002917,7
zap,Parque Virreyes,centroid,20.699697,-103.440114,20.697775,-103.440715,20.700088,-103.439978,0.002312,0.000736,16
zap,Las Arboledas,centroid,20.630603,-103.425468,20.626061,-103.429892,20.634381,-103.417183,0.00832,0.012709,47
zap,Autódromo,centroid,20.617988,-103.483148,20.615317,-103.489363,20.619056,-103.480629,0.003739,0.008735,20
zap,Arauca II,centroid,20.734685,-103.465766,20.733865,-103.466312,20.73773,-103.464052,0.003865,0.00226,14
zap,Atemajac del Valle,centroid,20.719467,-103.357182,20.715346,-103.363321,20.721758,-103.350864,0.006412,0.012457,12
zap,Vistas del Valle 1,centroid,20.610933,-103.486464,20.609869,-103.49068,20.613061,-103.484377,0.003192,0.006303,20
zap,Coto El Secreto,centroid,20.744882,-103.439923,20.744449,-103.44056,20.74585,-103.439616,0.001401,0.000944,6
zap,Ecológica El Seattle,centroid,20.720375,-103.378007,20.718705,-103.379207,20.721391,-103.375785,0.002686,0.003422,8
zap,Tabachines,centroid,20.739991,-103.362736,20.734298,-103.365262,20.743568,-103.359701,0.00927,0.005562,7
zap,Paseos del Camichín,centroid,20.755707,-103.404401,20.755707,-103.404401,20.755707,-103.404401,0.0,0.0,1
zap,Coto Alva 3,centroid,20.792057,-103.424818,20.791127,-103.425641,20.793098,-103.423899,0.001972,0.001742,11
zap,Parques de Tesistán,centroid,20.793634,-103.469705,20.788997,-103.470545,20.799086,-103.468141,0.010089,0.002403,11
zap,Los Castaños,centroid,20.697651,-103.44524,20.697557,-103.446391,20.697866,-103.443751,0.000309,0.00264,10
zap,Prados Vallarta,centroid,20.673238,-103.416969,20.671956,-103.422077,20.677803,-103.415305,0.005847,0.006772,11
zap,Parques de Tesistán III,centroid,20.796661,-103.46526,20.796616,-103.465919,20.796707,-103.4646,9e-05,0.00132,2
zap,Arenales Tapatíos,centroid,20.6311,-103.45733,20.629123,-103.462601,20.638296,-103.454948,0.009173,0.007654,13
zap,Lomas del Colli,centroid,20.665418,-103.448545,20.66394,-103.453344,20.666145,-103.446976,0.002205,0.006368,8
zap,Camino Real,centroid,20.670694,-103.413344,20.664406,-103.415387,20.67705,-103.411513,0.012643,0.003874,29
zap,Jardines de Guadalupe,centroid,20.664506,-103.424119,20.661961,-103.429094,20.667152,-103.417785,0.005191,0.011309,26
zap,El Prado,centroid,20.713602,-103.405525,20.713593,-103.40577,20.713607,-103.405036,1.3e-05,0.000735,6
zap,Soto Park,centroid,20.783589,-103.475781,20.783589,-103.475781,20.783589,-103.475781,0.0,0.0,1
zap,Colinas de Las Águilas,centroid,20.622089,-103.411338,20.621837,-103.413316,20.622861,-103.409134,0.001024,0.004182,8
zap,Jardines Vallarta,centroid,20.682176,-103.425931,20.679425,-103.430485,20.683858,-103.417871,0.004433,0.012614,38
zap,Coto F2 Sur Sivec,centroid,20.785801,-103.413546,20.785572,-103.414931,20.78605,-103.412664,0.000479,0.002268,16
zap,Villas del Palmar,centroid,20.750866,-103.426039,20.750122,-103.426124,20.751611,-103.425954,0.001489,0.00017,2
zap,Trento,centroid,20.623315,-103.46795,20.623315,-103.46795,20.623315,-103.46795,0.0,0.0,1
zap,Jacarandas,centroid,20.715708,-103.383116,20.714036,-103.385221,20.71842,-103.381748,0.004383,0.003473,12
zap,Zapopan,centroid,20.771239,-103.422189,20.753726,-103.461371,20.787821,-103.382566,0.034095,0.078805,4
zap,Zapopan,bbox_quadrant,20.76225,-103.44167,20.753726,-103.461371,20.787821,-103.382566,0.034095,0.078805,4
zap,Zapopan,bbox_quadrant,20.76225,-103.402268,20.753726,-103.461371,20.787821,-103.382566,0.034095,0.078805,4
zap,Zapopan,bbox_quadrant,20.779298,-103.44167,20.753726,-103.461371,20.787821,-103.382566,0.034095,0.078805,4
zap,Zapopan,bbox_quadrant,20.779298,-103.402268,20.753726,-103.461371,20.787821,-103.382566,0.034095,0.078805,4
zap,Colinas El Centinela,centroid,20.767075,-103.392058,20.765504,-103.392812,20.769939,-103.391125,0.004435,0.001687,11
zap,Francisco Sarabia,centroid,20.612487,-103.439632,20.6088,-103.442403,20.615516,-103.43104,0.006716,0.011363,28
zap,Puerta Tesistán,centroid,20.794239,-103.478396,20.794058,-103.478443,20.794599,-103.478303,0.000541,0.000141,3
zap,Mirador de San Isidro,centroid,20.763961,-103.394937,20.763376,-103.395488,20.76415,-103.394039,0.000774,0.001449,12
zap,Santa Margarita Residencial,centroid,20.737537,-103.419171,20.732672,-103.421097,20.740422,-103.417306,0.007751,0.003791,7
zap,Parque de Las Aves,centroid,20.789965,-103.488763,20.789834,-103.488969,20.790096,-103.488558,0.000262,0.000411,2
zap,Los Ángeles,centroid,20.789818,-103.495741,20.789596,-103.499661,20.789929,-103.493781,0.000333,0.005879,3
zap,Luna Bosque Residencial,centroid,20.632177,-103.479823,20.631291,-103.483119,20.633011,-103.478026,0.00172,0.005092,7
zap,Sendas Residencial G2,centroid,20.77841,-103.416496,20.778162,-103.416829,20.778906,-103.415831,0.000744,0.000998,3
zap,Real Cantabria,centroid,20.770166,-103.42681,20.76953,-103.427289,20.770736,-103.426101,0.001207,0.001188,4
zap,El Bajo Hábitat 2,centroid,20.700915,-103.466312,20.700883,-103.466321,20.700989,-103.466291,0.000106,3e-05,10
zap,La Toscana,centroid,20.727686,-103.433749,20.727074,-103.434688,20.728403,-103.433368,0.001329,0.001319,15
zap,Alicante,centroid,20.788103,-103.411292,20.786997,-103.412483,20.788797,-103.410577,0.0018,0.001906,17
zap,Centro,centroid,20.720628,-103.391261,20.716714,-103.396744,20.724417,-103.388092,0.007703,0.008651,21
zap,Villa La Cima,centroid,20.691937,-103.427357,20.691648,-103.42794,20.692227,-103.426798,0.000579,0.001143,8
zap,Santa Catalina,centroid,20.688304,-103.438726,20.650789,-103.452868,20.726015,-103.425572,0.075226,0.027296,6
zap,Santa Catalina,bbox_quadrant,20.669595,-103.446044,20.650789,-103.452868,20.726015,-103.425572,0.075226,0.027296,6
zap,Santa Catalina,bbox_quadrant,20.669595,-103.432396,20.650789,-103.452868,20.726015,-103.425572,0.075226,0.027296,6
zap,Santa Catalina,bbox_quadrant,20.707208,-103.446044,20.650789,-103.452868,20.726015,-103.425572,0.075226,0.027296,6
zap,Santa Catalina,bbox_quadrant,20.707208,-103.432396,20.650789,-103.452868,20.726015,-103.425572,0.075226,0.027296,6
zap,Victoria,centroid,20.644423,-103.400721,20.639808,-103.403438,20.647956,-103.397245,0.008148,0.006194,29
zap,Colli Ctm,centroid,20.647059,-103.42511,20.646279,-103.427614,20.647525,-103.422038,0.001246,0.005576,5
zap,Pinar de La Venta,centroid,20.722161,-103.527378,20.715957,-103.533658,20.726161,-103.521067,0.010204,0.012591,34
zap,Coto Creta,centroid,20.788296,-103.416418,20.787449,-103.417104,20.789225,-103.41616,0.001777,0.000944,4
zap,Chapalita Inn,centroid,20.657618,-103.444575,20.657325,-103.444674,20.658372,-103.44428,0.001046,0.000394,7
zap,Las Fuentes,centroid,20.622763,-103.425688,20.618175,-103.431847,20.627027,-103.421459,0.008852,0.010387,23
zap,Sendas Residencial G3,centroid,20.774409,-103.418316,20.774386,-103.418329,20.774458,-103.418277,7.2e-05,5.3e-05,9
zap,Plaza Guadalupe,centroid,20.656737,-103.43416,20.653181,-103.436712,20.661166,-103.430239,0.007985,0.006474,19
zap,Atlas Colomos,centroid,20.71555,-103.402831,20.713549,-103.405486,20.717201,-103.399975,0.003653,0.005511,31
zap,Ciudad de Los Niños,centroid,20.662477,-103.411252,20.659834,-103.414279,20.664908,-103.408669,0.005074,0.005611,14
zap,Colinas de Atemajac,centroid,20.720993,-103.363339,20.720993,-103.363339,20.720993,-103.363339,0.0,0.0,2
zap,Albaterra,centroid,20.852173,-103.451987,20.850863,-103.454617,20.855665,-103.450918,0.004802,0.003699,9
zap,Del Bosque,centroid,20.611002,-103.453446,20.610254,-103.453548,20.61175,-103.453344,0.001497,0.000204,2
zap,Puerta del Valle,centroid,20.724479,-103.420825,20.722819,-103.423107,20.725473,-103.419934,0.002653,0.003173,28
zap,La Sauceda,centroid,20.770601,-103.432892,20.770316,-103.433125,20.770961,-103.432746,0.000644,0.000378,8
zap,Misión Capistrano,centroid,20.803838,-103.453205,20.80369,-103.453218,20.803912,-103.453198,0.000223,2.1e-05,3
zap,Rincón del Valle,centroid,20.755825,-103.432847,20.755825,-103.432847,20.755825,-103.432847,0.0,0.0,1
zap,Ampliación Santa Lucia,centroid,20.804323,-103.502131,20.8043,-103.502152,20.804335,-103.502089,3.6e-05,6.3e-05,3
zap,La Cantera,centroid,20.772165,-103.435055,20.772023,-103.436449,20.772378,-103.434126,0.000355,0.002324,5
zap,Arboreto Residencial,centroid,20.783532,-103.467612,20.781552,-103.468625,20.784664,-103.4663,0.003112,0.002325,12
zap,División del Norte,centroid,20.733319,-103.355974,20.733319,-103.355974,20.733319,-103.355974,0.0,0.0,2
zap,Loma Imperial,centroid,20.776367,-103.426193,20.776293,-103.426702,20.776431,-103.425064,0.000138,0.001638,7
zap,Lomas del Centinela,centroid,20.765778,-103.368481,20.765095,-103.369615,20.766787,-103.366922,0.001692,0.002693,5
zap,Palermo,centroid,20.818349,-103.462121,20.816867,-103.46274,20.819,-103.461746,0.002133,0.000994,4
zap,Elite,centroid,20.719649,-103.460251,20.717754,-103.460745,20.720402,-103.459949,0.002647,0.000796,30
zap,Miramar,centroid,20.641241,-103.451746,20.640874,-103.456189,20.641608,-103.447304,0.000733,0.008885,4
zap,Quintas del Bosque,centroid,20.759797,-103.38043,20.758849,-103.380722,20.760582,-103.37969,0.001732,0.001032,6
zap,Nueva Primavera,centroid,20.651404,-103.428902,20.650533,-103.429633,20.651906,-103.427912,0.001373,0.001722,7
zap,Estrada,centroid,20.791254,-103.470489,20.791193,-103.470519,20.791376,-103.470474,0.000183,4.4e-05,3
zap,Villas de Asís,centroid,20.69192,-103.441964,20.69192,-103.441964,20.69192,-103.441964,0.0,0.0,3
zap,Eucalipto Vallarta,centroid,20.677058,-103.426937,20.675875,-103.427855,20.678043,-103.426349,0.002168,0.001506,6
zap,Jardines de Los Belenes,centroid,20.732867,-103.332944,20.729396,-103.334276,20.735503,-103.3317,0.006107,0.002575,11
zap,Del Oro,centroid,20.633014,-103.434185,20.633014,-103.434185,20.633014,-103.434185,0.0,0.0,3
zap,Cruz Verde,centroid,20.782405,-103.47352,20.782405,-103.47352,20.782405,-103.47352,0.0,0.0,2
zap,Los Periodistas,centroid,20.618555,-103.429516,20.618555,-103.429516,20.618555,-103.429516,0.0,0.0,1
zap,Colinas del Rio,centroid,20.771448,-103.41894,20.771089,-103.420639,20.773406,-103.4186,0.002317,0.002039,13
zap,Hacienda del Tepeyac,centroid,20.651411,-103.442875,20.650107,-103.443718,20.652425,-103.441803,0.002319,0.001915,7
zap,La Primavera,centroid,20.725275,-103.563833,20.724749,-103.564265,20.725802,-103.563401,0.001053,0.000864,2
zap,Colinas de La Abadía,centroid,20.710361,-103.425709,20.708989,-103.426194,20.712627,-103.425088,0.003638,0.001106,16
zap,Coto Abie,centroid,20.782186,-103.422208,20.780901,-103.42385,20.782777,-103.420991,0.001875,0.002859,22
zap,Parques del Centinela,centroid,20.759674,-103.388061,20.759414,-103.388977,20.760313,-103.386271,0.000899,0.002706,9
zap,El Tizate,centroid,20.634202,-103.475877,20.633795,-103.47653,20.634406,-103.47555,0.000611,0.00098,3
zap,El Paraíso,centroid,20.72688,-103.378991,20.725193,-103.379386,20.727723,-103.3782,0.00253,0.001185,3
zap,Fuente Mayor,centroid,20.791228,-103.473351,20.791228,-103.473351,20.791228,-103.473351,0.0,0.0,1
zap,Los Robles,centroid,20.758423,-103.418162,20.753673,-103.426193,20.761391,-103.414808,0.007719,0.011385,13
zap,Villas del Valle,centroid,20.783206,-103.446492,20.783206,-103.446492,20.783206,-103.446492,0.0,0.0,1
zap,Guadalupe Sur,centroid,20.653573,-103.437505,20.652737,-103.438309,20.653777,-103.437155,0.00104,0.001155,6
zap,Puerta del Roble,centroid,20.692482,-103.425404,20.691399,-103.426719,20.693995,-103.425026,0.002596,0.001693,9
zap,La Tuzanía,centroid,20.73631,-103.413435,20.734256,-103.416391,20.738672,-103.411092,0.004416,0.005298,14
zap,Mesa Colorada Oriente,centroid,20.760835,-103.337936,20.760777,-103.338036,20.761009,-103.337635,0.000231,0.000401,4
zap,Girasoles Elite,centroid,20.7415,-103.423345,20.740841,-103.424089,20.741806,-103.42232,0.000965,0.001769,7
zap,Real Vallarta,centroid,20.674506,-103.424996,20.672956,-103.425731,20.679002,-103.423405,0.006046,0.002326,18
zap,Colli Sitio,centroid,20.652539,-103.440356,20.652381,-103.44106,20.652997,-103.439639,0.000616,0.001421,5
zap,Chapalita Las Fuentes,centroid,20.654979,-103.427688,20.654965,-103.427701,20.654993,-103.427675,2.8e-05,2.7e-05,2
zap,Punta Valdepeñas I,centroid,20.759637,-103.406273,20.759253,-103.407011,20.760564,-103.406041,0.001311,0.00097,6
zap,Seattle,centroid,20.719475,-103.373384,20.718675,-103.37379,20.721326,-103.371858,0.002651,0.001933,7
zap,Benito Juárez,centroid,20.732459,-103.341286,20.73068,-103.34354,20.735329,-103.338673,0.004649,0.004867,6
zap,Puerta del Llano,centroid,20.78565,-103.459828,20.785429,-103.461201,20.785923,-103.458526,0.000495,0.002674,7
zap,Coto Altaterra,centroid,20.778651,-103.424471,20.778651,-103.424471,20.778651,-103.424471,0.0,0.0,2
zap,El Batan,centroid,20.722745,-103.34613,20.722745,-103.34613,20.722745,-103.34613,0.0,0.0,2
zap,San Isidro Ejidal,centroid,20.727796,-103.397063,20.72593,-103.39768,20.729663,-103.396445,0.003733,0.001235,2
zap,La Alhambra,centroid,20.808808,-103.457053,20.808339,-103.45741,20.80897,-103.456921,0.000632,0.000489,4
zap,Lomas Universidad,centroid,20.685836,-103.434025,20.6857,-103.434538,20.685903,-103.433,0.000203,0.001538,3
zap,Mariano Otero,centroid,20.63022,-103.446894,20.627343,-103.454929,20.633406,-103.43708,0.006063,0.017849,9
zap,San Isidro Residencial,centroid,20.757298,-103.386185,20.756921,-103.387428,20.758587,-103.384975,0.001666,0.002452,6
zap,Parque de Las Azaleas,centroid,20.622879,-103.449509,20.622752,-103.449546,20.623132,-103.449434,0.00038,0.000113,3
zap,Tierra Residencial,centroid,20.804316,-103.471229,20.803698,-103.472261,20.805187,-103.470527,0.001489,0.001735,4
zap,Villa Coral,centroid,20.717419,-103.400729,20.717267,-103.400802,20.717564,-103.400702,0.000297,9.9e-05,6
zap,La Joya,centroid,20.611033,-103.447469,20.6109,-103.447934,20.611284,-103.447,0.000384,0.000934,3
zap,Colinas de La Primavera,centroid,20.633257,-103.47068,20.632538,-103.471935,20.633975,-103.469426,0.001437,0.002509,4
zap,Tepeyac,centroid,20.726622,-103.386511,20.7242,-103.389032,20.728844,-103.383493,0.004644,0.005538,17
zap,Callejón del Parque,centroid,20.69169,-103.431315,20.691324,-103.43161,20.691873,-103.431168,0.000549,0.000442,6
zap,Lomas del Bosque,centroid,20.71269,-103.407273,20.711528,-103.407653,20.714271,-103.406863,0.002743,0.00079,6
zap,Héroes Nacionales,centroid,20.765845,-103.451676,20.765845,-103.451676,20.765845,-103.451676,0.0,0.0,1
zap,Parques de Zapopan,centroid,20.748003,-103.418656,20.747324,-103.421166,20.748355,-103.416998,0.001031,0.004168,9
zap,Las Bóvedas,centroid,20.735474,-103.423196,20.734153,-103.423694,20.736182,-103.422458,0.002029,0.001236,4
zap,Jardines de Nuevo México,centroid,20.768554,-103.450568,20.76298,-103.456645,20.773844,-103.441024,0.010864,0.015621,20
zap,Praderas del Centinela,centroid,20.765312,-103.387066,20.765029,-103.387553,20.765453,-103.386091,0.000424,0.001463,3
zap,El Fortín,centroid,20.626885,-103.474241,20.622877,-103.478412,20.631374,-103.470654,0.008498,0.007758,16
zap,El Bajo Hábitat 1,centroid,20.699747,-103.46641,20.698688,-103.467017,20.700427,-103.465483,0.001739,0.001533,3
zap,La Moraleja,centroid,20.791661,-103.451081,20.787869,-103.452268,20.795579,-103.450344,0.007709,0.001924,17
zap,Santa Margarita,centroid,20.729165,-103.411177,20.728557,-103.414355,20.730816,-103.408126,0.002259,0.006229,6
zap,Misión La Floresta,centroid,20.627315,-103.46571,20.626022,-103.467223,20.627604,-103.464941,0.001583,0.002282,7
zap,Rancho Contento,centroid,20.71374,-103.479966,20.712955,-103.480644,20.716824,-103.47851,0.003868,0.002134,9
zap,Rinconadas del Aire,centroid,20.749809,-103.442311,20.749105,-103.44295,20.751882,-103.441818,0.002777,0.001132,5
zap,El Bajío,centroid,20.68793,-103.469831,20.672192,-103.474979,20.698554,-103.457057,0.026362,0.017922,59
zap,El Bajío,bbox_quadrant,20.678783,-103.470498,20.672192,-103.474979,20.698554,-103.457057,0.026362,0.017922,59
zap,El Bajío,bbox_quadrant,20.678783,-103.461537,20.672192,-103.474979,20.698554,-103.457057,0.026362,0.017922,59
zap,El Bajío,bbox_quadrant,20.691964,-103.470498,20.672192,-103.474979,20.698554,-103.457057,0.026362,0.017922,59
zap,El Bajío,bbox_quadrant,20.691964,-103.461537,20.672192,-103.474979,20.698554,-103.457057,0.026362,0.017922,59
zap,Cima Real,centroid,20.723359,-103.435112,20.721308,-103.435743,20.725357,-103.434547,0.004049,0.001195,51
zap,Parques Tepeyac,centroid,20.649151,-103.440737,20.648986,-103.441821,20.649233,-103.440196,0.000247,0.001625,3
zap,Agua Blanca Industrial,centroid,20.60234,-103.430021,20.60234,-103.430021,20.60234,-103.430021,0.0,0.0,1
zap,La Stravaganza,centroid,20.743288,-103.423023,20.743011,-103.42338,20.743566,-103.422666,0.000554,0.000714,6
zap,Valle de La Providencia,centroid,20.776692,-103.467008,20.775479,-103.468724,20.77751,-103.465395,0.002031,0.003329,3
zap,Misión San Francisco,centroid,20.67264,-103.402464,20.67264,-103.402464,20.67264,-103.402464,0.0,0.0,2
zap,Alma Terra,centroid,20.783242,-103.476766,20.78299,-103.477332,20.783478,-103.475801,0.000488,0.001531,5
zap,Lomas de San Gonzalo,centroid,20.773772,-103.437523,20.770047,-103.438092,20.774697,-103.434512,0.00465,0.00358,12
zap,Rinconadas de Zapopan,centroid,20.760965,-103.444791,20.760965,-103.444791,20.760965,-103.444791,0.0,0.0,1
zap,Tesistán,centroid,20.800256,-103.477692,20.785424,-103.484828,20.825175,-103.470423,0.039752,0.014406,18
zap,Tesistán,bbox_quadrant,20.795362,-103.481227,20.785424,-103.484828,20.825175,-103.470423,0.039752,0.014406,18
zap,Tesistán,bbox_quadrant,20.795362,-103.474024,20.785424,-103.484828,20.825175,-103.470423,0.039752,0.014406,18
zap,Tesistán,bbox_quadrant,20.815238,-103.481227,20.785424,-103.484828,20.825175,-103.470423,0.039752,0.014406,18
zap,Tesistán,bbox_quadrant,20.815238,-103.474024,20.785424,-103.484828,20.825175,-103.470423,0.039752,0.014406,18
zap,Quintas de La Soberana,centroid,20.733521,-103.419013,20.733521,-103.419013,20.733521,-103.419013,0.0,0.0,1
zap,Coto Zoi,centroid,20.785072,-103.413725,20.784886,-103.414646,20.785469,-103.411637,0.000583,0.003009,11
zap,Monteverde II,centroid,20.625554,-103.475784,20.625554,-103.475784,20.625554,-103.475784,0.0,0.0,1
zap,Misión del Valle,centroid,20.752005,-103.439075,20.752005,-103.439075,20.752005,-103.439075,0.0,0.0,1
zap,Entrelomas,centroid,20.699322,-103.438453,20.699322,-103.438453,20.699322,-103.438453,0.0,0.0,1
zap,Boreales,centroid,20.755179,-103.396033,20.753548,-103.397334,20.757394,-103.395329,0.003846,0.002005,31
zap,Magisterial Valle de San Isidro,centroid,20.760331,-103.391832,20.760331,-103.391832,20.760331,-103.391832,0.0,0.0,1
zap,Industrial Zapopan Norte,centroid,20.747329,-103.388681,20.747329,-103.388681,20.747329,-103.388681,0.0,0.0,4
zap,Palma Real,centroid,20.717145,-103.455268,20.716926,-103.455578,20.71749,-103.453862,0.000564,0.001716,7
zap,Sevilla,centroid,20.652517,-103.441699,20.652517,-103.441699,20.652517,-103.441699,0.0,0.0,2
zap,Juan Manuel Vallarta,centroid,20.680235,-103.412223,20.678123,-103.416614,20.683311,-103.410371,0.005188,0.006243,52
zap,Jardines de La Patria,centroid,20.685261,-103.420527,20.683104,-103.423668,20.68645,-103.416891,0.003346,0.006778,20
zap,Castaños,centroid,20.612291,-103.491291,20.612291,-103.491291,20.612291,-103.491291,0.0,0.0,1
zap,Armonía,centroid,20.74609,-103.443801,20.745843,-103.444089,20.746337,-103.443513,0.000494,0.000577,2
zap,Tercer Milenio,centroid,20.778601,-103.454483,20.778601,-103.454483,20.778601,-103.454483,0.0,0.0,1
zap,Jardines de La Seattle,centroid,20.721909,-103.373335,20.721909,-103.373335,20.721909,-103.373335,0.0,0.0,2
zap,Valle Norte,centroid,20.787563,-103.469664,20.787517,-103.469683,20.787655,-103.469627,0.000138,5.6e-05,3
zap,El Vigía,centroid,20.734373,-103.390387,20.731435,-103.394066,20.735144,-103.388886,0.00371,0.005179,18
zap,Guadalupe Jardín,centroid,20.660151,-103.428767,20.658579,-103.429436,20.661473,-103.427476,0.002894,0.00196,6
zap,Monarca,centroid,20.740778,-103.424932,20.740778,-103.424932,20.740778,-103.424932,0.0,0.0,2
zap,Real del Camichín 8469,centroid,20.754816,-103.400996,20.754797,-103.401175,20.754825,-103.400639,2.9e-05,0.000536,9
zap,Del Valle,centroid,20.740491,-103.429959,20.740111,-103.430468,20.741219,-103.428733,0.001108,0.001734,7
zap,Praderas de San Antonio,centroid,20.766055,-103.455962,20.763086,-103.457524,20.769887,-103.454145,0.006802,0.003378,12
zap,Jardines Tepeyac,centroid,20.661999,-103.421383,20.661213,-103.422037,20.66275,-103.420204,0.001538,0.001832,11
zap,Vistas del Sol,centroid,20.611682,-103.459205,20.610911,-103.459551,20.613204,-103.4582,0.002294,0.001351,8
zap,Jardines del Vigía,centroid,20.733513,-103.391042,20.732781,-103.391945,20.733756,-103.390093,0.000975,0.001851,8
zap,Mesa de Los Ocotes,centroid,20.763354,-103.355306,20.763354,-103.355306,20.763354,-103.355306,0.0,0.0,2
zap,Colinas Virreyes,centroid,20.70226,-103.436073,20.701535,-103.436096,20.702985,-103.436049,0.00145,4.7e-05,2
zap,Parque Guadalupe,centroid,20.659178,-103.443167,20.659178,-103.443167,20.659178,-103.443167,0.0,0.0,2
zap,Bosques del Centinela,centroid,20.750736,-103.379923,20.750289,-103.381683,20.752415,-103.379476,0.002126,0.002207,9
zap,Coto F2 Norte Sienna,centroid,20.788094,-103.413848,20.787557,-103.414005,20.788415,-103.413589,0.000858,0.000415,5
zap,Nuevo México,centroid,20.758283,-103.435211,20.753744,-103.441945,20.760641,-103.425791,0.006897,0.016154,17
zap,Cañadas,centroid,20.771576,-103.399971,20.771576,-103.399971,20.771576,-103.399971,0.0,0.0,3
zap,Real de Tesistán,centroid,20.784988,-103.474909,20.784988,-103.474909,20.784988,-103.474909,0.0,0.0,1
zap,Colinas de San Miguel,centroid,20.782895,-103.424698,20.782895,-103.424698,20.782895,-103.424698,0.0,0.0,1
zap,Jardines de La Esperanza,centroid,20.738529,-103.358203,20.738529,-103.358203,20.738529,-103.358203,0.0,0.0,1
zap,Porta Real,centroid,20.72885,-103.453606,20.72778,-103.45647,20.729335,-103.452209,0.001555,0.004261,6
zap,Cerro del Tesoro,centroid,20.619471,-103.403116,20.619471,-103.403116,20.619471,-103.403116,0.0,0.0,1
zap,Coto Altaterra II,centroid,20.777338,-103.424275,20.777153,-103.424469,20.777616,-103.424145,0.000463,0.000324,5
zap,Crucero de La Mesa,centroid,20.763569,-103.341729,20.762954,-103.344978,20.764799,-103.340104,0.001845,0.004874,3
zap,Coto Casa Blanca,centroid,20.784934,-103.47172,20.784934,-103.47172,20.784934,-103.47172,0.0,0.0,2
zap,Alamitos,centroid,20.76309,-103.437544,20.76309,-103.437544,20.76309,-103.437544,0.0,0.0,8
zap,Villas de Nuevo México,centroid,20.76433,-103.429723,20.76433,-103.429723,20.76433,-103.429723,0.0,0.0,3
zap,Prados Guadalupe,centroid,20.673094,-103.421334,20.672641,-103.42297,20.673468,-103.417965,0.000828,0.005005,6
zap,Colinas de Los Robles,centroid,20.765441,-103.421407,20.765421,-103.422026,20.765481,-103.42017,6e-05,0.001857,3
zap,González Ortega,centroid,20.729276,-103.348672,20.729276,-103.348672,20.729276,-103.348672,0.0,0.0,3
zap,Monteverde III,centroid,20.624548,-103.478665,20.624548,-103.478665,20.624548,-103.478665,0.0,0.0,1
zap,Haciendas de Nuevo México,centroid,20.766632,-103.454241,20.766632,-103.454241,20.766632,-103.454241,0.0,0.0,2
zap,El Ejido Copalita,centroid,20.827548,-103.445129,20.827548,-103.445129,20.827548,-103.445129,0.0,0.0,1
zap,Puerta Real,centroid,20.722032,-103.433059,20.721545,-103.433252,20.723198,-103.432928,0.001653,0.000324,10
zap,Real San Bernardo,centroid,20.70431,-103.408917,20.70431,-103.408917,20.70431,-103.408917,0.0,0.0,2
zap,Jardines San Francisco,centroid,20.773583,-103.460231,20.773583,-103.460231,20.773583,-103.460231,0.0,0.0,2
zap,Vallarta La Patria,centroid,20.675695,-103.421033,20.675208,-103.421557,20.676183,-103.420509,0.000975,0.001048,2
zap,Coto Las Ventanas,centroid,20.767851,-103.405164,20.767825,-103.406197,20.767891,-103.404813,6.6e-05,0.001384,4
zap,Lomas del Seminario,centroid,20.667385,-103.423094,20.667385,-103.423094,20.667385,-103.423094,0.0,0.0,2
zap,Tepeyac Casino,centroid,20.65942,-103.415417,20.658237,-103.416306,20.660962,-103.413919,0.002725,0.002387,4
zap,Nextipac,centroid,20.766563,-103.524821,20.764427,-103.526398,20.767643,-103.524387,0.003216,0.002011,12
zap,Paraísos del Colli,centroid,20.645712,-103.448179,20.64514,-103.454236,20.647429,-103.44616,0.002289,0.008076,4
zap,El Campanario,centroid,20.59298,-103.436386,20.590475,-103.44073,20.598719,-103.43263,0.008244,0.0081,21
zap,San Bernardo,centroid,20.705148,-103.411405,20.705148,-103.411405,20.705148,-103.411405,0.0,0.0,3
zap,El Carmen Hábitat,centroid,20.661709,-103.439993,20.659846,-103.440387,20.66233,-103.438811,0.002484,0.001576,4
zap,La Escondida,centroid,20.627962,-103.470136,20.627962,-103.470136,20.627962,-103.470136,0.0,0.0,2
zap,Quintas del Federalismo,centroid,20.735437,-103.349556,20.735373,-103.35067,20.7355,-103.348442,0.000127,0.002228,2
zap,Fovissste (Estatuto Jurídico),centroid,20.736783,-103.404834,20.736438,-103.405804,20.737621,-103.403508,0.001183,0.002296,4
zap,Hacienda del Sol,centroid,20.758613,-103.398628,20.758276,-103.4,20.759972,-103.398263,0.001696,0.001737,6
zap,Lomas de Atemajac,centroid,20.714328,-103.362641,20.713583,-103.366332,20.715882,-103.35636,0.002299,0.009973,6
zap,Valle de Los Molinos,centroid,20.851028,-103.426896,20.851028,-103.426896,20.851028,-103.426896,0.0,0.0,1
zap,Parque Regency,centroid,20.690382,-103.430018,20.689278,-103.430884,20.691288,-103.429321,0.002011,0.001563,3
zap,Coto Amalfi,centroid,20.620242,-103.482707,20.620242,-103.482707,20.620242,-103.482707,0.0,0.0,2
zap,Vistas de Tesistán,centroid,20.815072,-103.485378,20.812326,-103.485909,20.817818,-103.484847,0.005492,0.001062,2
zap,Arroyo Hondo,centroid,20.740208,-103.347589,20.739542,-103.347899,20.740874,-103.347279,0.001332,0.00062,2
zap,La Castilla,centroid,20.657192,-103.442535,20.657192,-103.442535,20.657192,-103.442535,0.0,0.0,2
zap,Jardines de Chapalita,centroid,20.660377,-103.441119,20.660377,-103.441119,20.660377,-103.441119,0.0,0.0,1
zap,Arrayanes Hábitat,centroid,20.63242,-103.484925,20.63242,-103.484925,20.63242,-103.484925,0.0,0.0,2
zap,La Mojonera,centroid,20.732796,-103.470769,20.732796,-103.470769,20.732796,-103.470769,0.0,0.0,2
zap,Bosque del Centinela II,centroid,20.759457,-103.378059,20.759457,-103.378059,20.759457,-103.378059,0.0,0.0,1
zap,Benito Juárez Norte,centroid,20.738907,-103.336022,20.738907,-103.336022,20.738907,-103.336022,0.0,0.0,1
zap,Colli Primavera,centroid,20.649335,-103.430678,20.649335,-103.430678,20.649335,-103.430678,0.0,0.0,1
zap,Colinas de Tesistán,centroid,20.779283,-103.415624,20.778771,-103.416973,20.780307,-103.41495,0.001536,0.002022,3
zap,Coto Livorno,centroid,20.623659,-103.483961,20.622567,-103.484665,20.624752,-103.483256,0.002185,0.00141,2
zap,Constitución,centroid,20.729807,-103.371888,20.727713,-103.37734,20.733212,-103.367589,0.005498,0.009751,8
zap,Colinas del Rey,centroid,20.751406,-103.40694,20.75104,-103.40858,20.7516,-103.404222,0.00056,0.004357,4
zap,Revolución,centroid,20.808249,-103.492811,20.8079,-103.493,20.808946,-103.492434,0.001046,0.000566,3
zap,Coto Sotovento I,centroid,20.766136,-103.405023,20.766136,-103.405023,20.766136,-103.405023,0.0,0.0,1
zap,Agua Fría,centroid,20.74756,-103.348187,20.745352,-103.348998,20.748664,-103.346565,0.003312,0.002433,3
zap,México,centroid,20.679184,-103.404967,20.679184,-103.404967,20.679184,-103.404967,0.0,0.0,2
zap,Arcos de Zapopan,centroid,20.741928,-103.406651,20.739123,-103.410646,20.743911,-103.403307,0.004788,0.007339,11
zap,Los Nísperos,centroid,20.781789,-103.445586,20.781789,-103.445586,20.781789,-103.445586,0.0,0.0,1
zap,Colina de Los Belenes,centroid,20.744761,-103.37496,20.744761,-103.37496,20.744761,-103.37496,0.0,0.0,3
zap,La Gloria,centroid,20.660631,-103.454644,20.660631,-103.454644,20.660631,-103.454644,0.0,0.0,1
zap,Los Molinos,centroid,20.820579,-103.444168,20.819338,-103.445448,20.821819,-103.442888,0.002482,0.002561,2
zap,La Joyita,centroid,20.80771,-103.482457,20.80771,-103.482457,20.80771,-103.482457,0.0,0.0,1
zap,Senda,centroid,20.712837,-103.447456,20.712837,-103.447456,20.712837,-103.447456,0.0,0.0,2
zap,Lomas de Guadalupe,centroid,20.668596,-103.419473,20.667858,-103.420309,20.669379,-103.417652,0.001521,0.002657,9
zap,De Los Sauces,centroid,20.753409,-103.381597,20.75272,-103.382487,20.753645,-103.381292,0.000925,0.001195,4
zap,Mirador San Isidro,centroid,20.758785,-103.388781,20.758785,-103.388781,20.758785,-103.388781,0.0,0.0,1
zap,Hogares de Nuevo México,centroid,20.764159,-103.426553,20.760882,-103.431466,20.767953,-103.420771,0.007071,0.010695,5
zap,Jardines de Las Fuentes,centroid,20.779228,-103.465602,20.779085,-103.466134,20.779515,-103.464539,0.00043,0.001595,3
zap,Las Agujas,centroid,20.761081,-103.504704,20.74458,-103.513328,20.794082,-103.487458,0.049502,0.02587,3
zap,Las Agujas,bbox_quadrant,20.756956,-103.50686,20.74458,-103.513328,20.794082,-103.487458,0.049502,0.02587,3
zap,Las Agujas,bbox_quadrant,20.756956,-103.493925,20.74458,-103.513328,20.794082,-103.487458,0.049502,0.02587,3
zap,Las Agujas,bbox_quadrant,20.781707,-103.50686,20.74458,-103.513328,20.794082,-103.487458,0.049502,0.02587,3
zap,Las Agujas,bbox_quadrant,20.781707,-103.493925,20.74458,-103.513328,20.794082,-103.487458,0.049502,0.02587,3
zap,El Pedregal de Milpillas,centroid,20.89971,-103.435283,20.89971,-103.435283,20.89971,-103.435283,0.0,0.0,1
zap,Mirador del Bosque,centroid,20.855832,-103.444951,20.855657,-103.447564,20.856305,-103.443553,0.000648,0.004011,6
zap,Loma Bonita Ejidal,centroid,20.629137,-103.40462,20.62524,-103.406706,20.631535,-103.4035,0.006295,0.003206,16
zap,Jardines del Vergel,centroid,20.749934,-103.370555,20.745702,-103.373594,20.756497,-103.369087,0.010794,0.004507,7
zap,El Fortín 2da Sección,centroid,20.628856,-103.471973,20.628856,-103.471973,20.628856,-103.471973,0.0,0.0,1
zap,La Mora,centroid,20.731383,-103.424449,20.731111,-103.42463,20.731654,-103.424268,0.000543,0.000362,2
zap,Haciendas de Zapopan,centroid,20.799403,-103.471047,20.799403,-103.471047,20.799403,-103.471047,0.0,0.0,1
zap,Zenith,centroid,20.627468,-103.474518,20.627468,-103.474518,20.627468,-103.474518,0.0,0.0,1
zap,Esencia,centroid,20.724039,-103.454151,20.723681,-103.45479,20.724245,-103.453673,0.000564,0.001117,3
zap,Guadalajarita,centroid,20.714063,-103.397139,20.713769,-103.399482,20.714182,-103.396906,0.000412,0.002576,12
zap,De La Azalea,centroid,20.736954,-103.383945,20.734138,-103.386093,20.738973,-103.381033,0.004835,0.00506,3
zap,Loma Blanca,centroid,20.714467,-103.38892,20.713926,-103.389076,20.715008,-103.388764,0.001082,0.000311,2
zap,Cañadas de San Lorenzo,centroid,20.753764,-103.407046,20.753179,-103.407903,20.754774,-103.406448,0.001595,0.001455,5
zap,Jardines del Auditorio,centroid,20.737613,-103.352231,20.737613,-103.352231,20.737613,-103.352231,0.0,0.0,1
zap,Senderos de Tesistán,centroid,20.815966,-103.483778,20.815966,-103.483778,20.815966,-103.483778,0.0,0.0,1
zap,Lindavista,centroid,20.719802,-103.394645,20.719802,-103.394645,20.719802,-103.394645,0.0,0.0,4
zap,Zoquipan,centroid,20.715716,-103.366886,20.715583,-103.367525,20.715849,-103.366247,0.000266,0.001278,2
zap,Paraíso Los Pinos,centroid,20.609441,-103.442876,20.609441,-103.442876,20.609441,-103.442876,0.0,0.0,1
zap,Solares Althea,centroid,20.72407,-103.466953,20.723795,-103.467437,20.724286,-103.466655,0.00049,0.000783,4
zap,Laureles,centroid,20.734222,-103.387828,20.734054,-103.388867,20.734389,-103.386788,0.000335,0.002079,2
zap,Callejón del Bosque,centroid,20.782552,-103.471354,20.782207,-103.471814,20.782896,-103.470894,0.00069,0.00092,2
zap,Villas de Tesistán,centroid,20.801922,-103.479346,20.801624,-103.479497,20.802113,-103.479195,0.000489,0.000302,3
zap,San José del Bajío,centroid,20.733684,-103.404124,20.733684,-103.404124,20.733684,-103.404124,0.0,0.0,1
zap,Altus Quintas,centroid,20.780815,-103.479987,20.780815,-103.479987,20.780815,-103.479987,0.0,0.0,1
zap,Pacífica Hábitat,centroid,20.74532,-103.44678,20.74532,-103.44678,20.74532,-103.44678,0.0,0.0,1
zap,Villa de Guadalupe,centroid,20.751256,-103.348426,20.751256,-103.348426,20.751256,-103.348426,0.0,0.0,1
zap,Marcelino García Barragán,centroid,20.774238,-103.443408,20.774238,-103.443408,20.774238,-103.443408,0.0,0.0,2
zap,Los Tréboles,centroid,20.823657,-103.437134,20.823657,-103.437134,20.823657,-103.437134,0.0,0.0,1
zap,Quintas del Valle,centroid,20.752893,-103.436332,20.752893,-103.436332,20.752893,-103.436332,0.0,0.0,1
zap,Bosque de Los Virreyes,centroid,20.694092,-103.432348,20.693186,-103.433437,20.696064,-103.432124,0.002878,0.001313,13
zap,Acacias,centroid,20.676798,-103.412357,20.676755,-103.412366,20.676812,-103.41233,5.7e-05,3.6e-05,4
zap,Poniente,centroid,20.722339,-103.424946,20.720981,-103.430568,20.725066,-103.421846,0.004086,0.008722,52
zap,La Gloria del Colli,centroid,20.656949,-103.450964,20.656895,-103.451002,20.656967,-103.450951,7.2e-05,5.1e-05,4
zap,Real del Carmen,centroid,20.736271,-103.429988,20.735726,-103.430771,20.736692,-103.42828,0.000966,0.002492,8
zap,Residencial del Valle,centroid,20.73933,-103.427697,20.73933,-103.427697,20.73933,-103.427697,0.0,0.0,1
zap,Atlas Chapalita,centroid,20.658733,-103.431512,20.65823,-103.431654,20.658911,-103.431236,0.000681,0.000418,6
zap,Arboledas de Tesistán,centroid,20.788427,-103.469146,20.788427,-103.469146,20.788427,-103.469146,0.0,0.0,1
zap,Zapopan Centro,centroid,20.730448,-103.387714,20.72905,-103.38965,20.730977,-103.386773,0.001927,0.002877,30
zap,Hacienda de Las Lomas,centroid,20.68575,-103.415475,20.685499,-103.415711,20.685852,-103.413995,0.000352,0.001716,16
zap,27 de Septiembre,centroid,20.725927,-103.360538,20.725009,-103.360607,20.726204,-103.360368,0.001194,0.000239,8
zap,La Palmita,centroid,20.729672,-103.353819,20.727735,-103.356472,20.730517,-103.352573,0.002782,0.003899,13
zap,La Reserva,centroid,20.717427,-103.412026,20.717427,-103.412026,20.717427,-103.412026,0.0,0.0,1
zap,Santa María del Pueblito,centroid,20.680409,-103.435913,20.675114,-103.436239,20.681732,-103.43461,0.006618,0.001628,5
zap,Centinela Garden Life,centroid,20.75735,-103.383738,20.757291,-103.383769,20.757409,-103.383707,0.000118,6.2e-05,2
zap,Víctor Hugo,centroid,20.727376,-103.342201,20.727376,-103.342201,20.727376,-103.342201,0.0,0.0,1
zap,Alviento,centroid,20.789051,-103.481887,20.789051,-103.481887,20.789051,-103.481887,0.0,0.0,1
zap,Hacienda del Valle,centroid,20.758481,-103.395455,20.758481,-103.395455,20.758481,-103.395455,0.0,0.0,4
zap,Camichines Vallarta,centroid,20.675725,-103.434075,20.675725,-103.434075,20.675725,-103.434075,0.0,0.0,4
zap,Rancho Nuevo,centroid,20.764877,-103.402448,20.764877,-103.402448,20.764877,-103.402448,0.0,0.0,2
zap,Villa Fontana Diamante,centroid,20.77717,-103.471872,20.772564,-103.472549,20.781705,-103.471486,0.009141,0.001063,5
zap,Los Maestros,centroid,20.723549,-103.377863,20.723549,-103.377863,20.723549,-103.377863,0.0,0.0,2
zap,Cordilleras,centroid,20.671354,-103.417593,20.670558,-103.418907,20.671946,-103.416151,0.001388,0.002756,8
zap,Altagracia,centroid,20.740944,-103.391551,20.740944,-103.391551,20.740944,-103.391551,0.0,0.0,2
zap,San Miguel de La Colina,centroid,20.716781,-103.387369,20.714881,-103.388452,20.717576,-103.386235,0.002695,0.002217,4
zap,Torres Cibeles,centroid,20.737057,-103.430433,20.736645,-103.430492,20.737389,-103.430356,0.000744,0.000136,5
zap,De Los Novelistas,centroid,20.684473,-103.430994,20.68446,-103.431022,20.684482,-103.430951,2.1e-05,7.1e-05,5
zap,Villa Puerta del Sol,centroid,20.65216,-103.426029,20.651935,-103.426654,20.652242,-103.425829,0.000307,0.000825,5
zap,Jardines Seattle,centroid,20.725051,-103.369531,20.725051,-103.369531,20.725051,-103.369531,0.0,0.0,1
zap,Vicente Guerrero,centroid,20.771686,-103.440378,20.770174,-103.440845,20.772636,-103.439578,0.002462,0.001267,6
zap,Auditorio,centroid,20.731671,-103.346094,20.731671,-103.346094,20.731671,-103.346094,0.0,0.0,2
zap,La Patria Universidad,centroid,20.686586,-103.415775,20.685933,-103.416438,20.687101,-103.415487,0.001168,0.000951,4
zap,Real del Carmen Grand,centroid,20.737962,-103.430557,20.737766,-103.430713,20.738027,-103.430087,0.000261,0.000626,4
zap,Villas de La Loma,centroid,20.778554,-103.446215,20.778554,-103.446215,20.778554,-103.446215,0.0,0.0,2
zap,Del Sol,centroid,20.653033,-103.399112,20.652399,-103.399779,20.653667,-103.398444,0.001268,0.001335,2
zap,El Bosque,centroid,20.756212,-103.382627,20.756165,-103.383352,20.756258,-103.381901,9.3e-05,0.00145,2
zap,Volcán del Colli,centroid,20.661875,-103.453581,20.661875,-103.453581,20.661875,-103.453581,0.0,0.0,3
zap,Agrícola,centroid,20.61525,-103.431541,20.612935,-103.43304,20.618316,-103.429686,0.005381,0.003354,8
zap,Jardines de Santa Ana,centroid,20.621734,-103.463279,20.621734,-103.463279,20.621734,-103.463279,0.0,0.0,1
zap,Las Flores,centroid,20.670817,-103.410638,20.670712,-103.41067,20.670922,-103.410606,0.00021,6.4e-05,2
zap,El Zapote,centroid,20.655272,-103.415397,20.655272,-103.415397,20.655272,-103.415397,0.0,0.0,5
zap,Hacienda Copala,centroid,20.868913,-103.43395,20.868248,-103.436341,20.869865,-103.432024,0.001616,0.004317,8
zap,Lomas del Batan,centroid,20.724601,-103.349061,20.723834,-103.349358,20.724985,-103.348912,0.001151,0.000446,3
zap,Moctezuma,centroid,20.653111,-103.432211,20.652597,-103.432281,20.653624,-103.432142,0.001026,0.00014,2
zap,Jardines del Porvenir,centroid,20.737847,-103.353559,20.737847,-103.353559,20.737847,-103.353559,0.0,0.0,2
zap,Copala,centroid,20.836166,-103.411425,20.836166,-103.411425,20.836166,-103.411425,0.0,0.0,1
zap,Vista Zapopan,centroid,20.783373,-103.488245,20.783373,-103.488245,20.783373,-103.488245,0.0,0.0,1
zap,Guadalupe,centroid,20.663056,-103.415959,20.663056,-103.415959,20.663056,-103.415959,0.0,0.0,1
zap,Villas Belenes,centroid,20.732264,-103.384307,20.732264,-103.384307,20.732264,-103.384307,0.0,0.0,1
zap,Altabrisa,centroid,20.785345,-103.484221,20.785345,-103.484221,20.785345,-103.484221,0.0,0.0,1
zap,Vista Norte,centroid,20.780663,-103.47491,20.780663,-103.47491,20.780663,-103.47491,0.0,0.0,1
zap,Villas del Tepeyac,centroid,20.655065,-103.425695,20.655065,-103.425695,20.655065,-103.425695,0.0,0.0,1
zap,El Zapote I,centroid,20.768639,-103.431444,20.768639,-103.431444,20.768639,-103.431444,0.0,0.0,1
zap,Coto Alva 5,centroid,20.788689,-103.42126,20.788689,-103.42126,20.788689,-103.42126,0.0,0.0,2
zap,Haciendas La Herradura,centroid,20.775111,-103.60969,20.772749,-103.611144,20.782199,-103.609134,0.009451,0.00201,4
zap,Coto Alva 2,centroid,20.790884,-103.422514,20.790626,-103.423811,20.791118,-103.42169,0.000492,0.002121,6
zap,Los Cajetes,centroid,20.591638,-103.429219,20.591638,-103.429219,20.591638,-103.429219,0.0,0.0,1
zap,La Mesa Colorada Poniente,centroid,20.768869,-103.354228,20.764793,-103.360663,20.779342,-103.341122,0.014549,0.019541,5
zap,Lomas de Tesistán,centroid,20.821903,-103.473113,20.817503,-103.473831,20.826937,-103.472211,0.009434,0.001621,3
zap,San Esteban,centroid,20.799033,-103.375146,20.798861,-103.375412,20.799377,-103.374613,0.000516,0.000798,3
zap,Las Palomas,centroid,20.816178,-103.452531,20.814498,-103.45414,20.818224,-103.451174,0.003726,0.002966,5
zap,San Rafael Tercero,centroid,20.790696,-103.4142,20.790491,-103.414395,20.791104,-103.414103,0.000613,0.000293,3
zap,Balcones de La Cantera,centroid,20.744291,-103.352613,20.744291,-103.352613,20.744291,-103.352613,0.0,0.0,1
zap,El Roble (Valle Escondido),centroid,20.773301,-103.595599,20.773301,-103.595599,20.773301,-103.595599,0.0,0.0,1
zap,La Vinatera,centroid,20.8311,-103.45005,20.831038,-103.450056,20.831382,-103.450049,0.000344,6e-06,11
zap,Leones,centroid,20.619119,-103.465827,20.619119,-103.465827,20.619119,-103.465827,0.0,0.0,2
zap,Bosques del Encino,centroid,20.771951,-103.433764,20.771951,-103.433764,20.771951,-103.433764,0.0,0.0,1
zap,Huaxtla,centroid,20.939483,-103.38527,20.939483,-103.38527,20.939483,-103.38527,0.0,0.0,1
zap,Colinas de Cristo Rey,centroid,20.817896,-103.494562,20.817896,-103.494562,20.817896,-103.494562,0.0,0.0,1
zap,Valle de San Nicolas,centroid,20.628487,-103.457141,20.628487,-103.457141,20.628487,-103.457141,0.0,0.0,1
zap,Santa Lucia,centroid,20.801028,-103.494847,20.796418,-103.499777,20.802671,-103.491704,0.006253,0.008072,5
zap,Hacienda Las Palomas,centroid,20.790173,-103.48517,20.790149,-103.48575,20.790197,-103.484589,4.8e-05,0.00116,2
zap,San Isidro,centroid,20.79144,-103.353984,20.790747,-103.355238,20.791786,-103.353358,0.001039,0.001881,3
zap,Gusa,centroid,20.72237,-103.363205,20.72237,-103.363205,20.72237,-103.363205,0.0,0.0,1
zap,La Noria,centroid,20.647329,-103.470408,20.647329,-103.470408,20.647329,-103.470408,0.0,0.0,2
zap,El Triangulo,centroid,20.752813,-103.442959,20.752813,-103.442959,20.752813,-103.442959,0.0,0.0,1
zap,Villa Magna,centroid,20.717016,-103.395917,20.717016,-103.395917,20.717016,-103.395917,0.0,0.0,1
zap,La Coronilla,centroid,20.759319,-103.322188,20.759319,-103.322188,20.759319,-103.322188,0.0,0.0,1
zap,Monticello,centroid,20.901663,-103.433123,20.901595,-103.433301,20.90173,-103.432944,0.000136,0.000357,2
zap,Villas Martel,centroid,20.837081,-103.425672,20.837081,-103.425672,20.837081,-103.425672,0.0,0.0,5
zap,La Soledad,centroid,20.755927,-103.533147,20.755927,-103.533147,20.755927,-103.533147,0.0,0.0,3
zap,Milpillas Mesa de San Juan,centroid,20.955,-103.433055,20.955,-103.433055,20.955,-103.433055,0.0,0.0,1
zap,Misión del Bosque,centroid,20.763189,-103.389056,20.763189,-103.389056,20.763189,-103.389056,0.0,0.0,2
zap,La Mesita,centroid,20.83653,-103.504536,20.83653,-103.504536,20.83653,-103.504536,0.0,0.0,2
zap,Del Iris,centroid,20.606476,-103.450887,20.606476,-103.450887,20.606476,-103.450887,0.0,0.0,1
zap,Los Álamos (El Álamo),centroid,20.814777,-103.501393,20.814777,-103.501393,20.814777,-103.501393,0.0,0.0,2
zap,Doctores,centroid,20.818108,-103.472697,20.818108,-103.472697,20.818108,-103.472697,0.0,0.0,2
zap,Arroyo Hondo 2a Sección,centroid,20.739026,-103.341531,20.739026,-103.341531,20.739026,-103.341531,0.0,0.0,1
zap,Lago Real,centroid,20.80159,-103.452336,20.80159,-103.452336,20.80159,-103.452336,0.0,0.0,1
zap,Emiliano Zapata,centroid,20.748882,-103.364561,20.748882,-103.364561,20.748882,-103.364561,0.0,0.0,1
zap,Prados de Santa Lucia,centroid,20.799058,-103.503627,20.798229,-103.504588,20.799887,-103.502666,0.001659,0.001923,2
zap,Ixcatán,centroid,20.861068,-103.342027,20.861068,-103.342027,20.861068,-103.342027,0.0,0.0,1
zap,Los Manzanos,centroid,20.786392,-103.480762,20.786392,-103.480762,20.786392,-103.480762,0.0,0.0,1
zap,Cristo Rey,centroid,20.811596,-103.498103,20.811596,-103.498103,20.811596,-103.498103,0.0,0.0,1
zap,Mirador Escondido,centroid,20.768633,-103.329033,20.768633,-103.329033,20.768633,-103.329033,0.0,0.0,1
zap,San José Ejidal,centroid,20.810604,-103.464044,20.810604,-103.464044,20.810604,-103.464044,0.0,0.0,1
zap,El Mante,centroid,20.608835,-103.425118,20.608835,-103.425118,20.608835,-103.425118,0.0,0.0,1
